examen	archivo	n	tema	ubicacion	enunciado_completo_extraido
Java.pdf	java/Java.pdf	1	Java	pág 1	¿Cuáles son los tipos de excepciones en Java? a. Throwable b. Object c. Checked d. Unchecked e. Todas las opciones son correctas. La respuesta correcta es: a.Throwable c. Checked d . Unchecked
Java.pdf	java/Java.pdf	2	Herramientas/general	pág 2	¿Cuáles de los siguientes comandos de Git se utilizan para gestionar ramas en un repositorio? Selecciona todas las que correspondan. a. git branch b. git merge c. git init d. git checkout e. git commit La respuesta correcta es: a. git branch b. git merge d. git checkout
Java.pdf	java/Java.pdf	3	Herramientas/general	pág 3	En el contexto del versionado semántico (Semantic Versioning), si un desarrollador cambia la versión de una biblioteca de 1.4.3 a 2.0.0 ¿Que implicaciones tiene este cambio según las reglas del versionado semántico? a. Señala un cambio en el nivel de parche, resolviendo errores sin agregar nuevas funcionalidades. b. Ninguna opción es correcta. c. Marca la adición de nuevas funcionalidades manteniendo la compatibilidad hacia atrás. d. Representa cambios importantes o incompatibles con versiones anteriores, que pueden afectar la compatibilidad. e. Indica una mejora menor que no afecta la compatibilidad hacia atrás. La respuesta correcta es: d. Representa cambios importantes o incompatibles con versiones anteriores, que pueden afectar la compatibilidad.
Java.pdf	java/Java.pdf	4	Herramientas/general	pág 4	¿Cuál de los siguientes componentes es parte de una solicitud HTTP? a. Headers, scripts, funciones. b. URL, cookies, archivos adjuntos. c. Encabezados de la respuesta, cuerpo de la respuesta, estado de la respuesta. d. URL, headers, cuerpo de la solicitud. La respuesta correcta es: d. URL, headers, cuerpo de la solicitud.
Java.pdf	java/Java.pdf	5	Herramientas/general	pág 5	¿Cuál de las siguientes opciones describe correctamente un servicio web (web service)? a. Una aplicación o componente que se comunica con otras aplicaciones a través de la red utilizando protocolos estándar. b. Un servicio que se utiliza exclusivamente para la transferencia de archivos grandes entre servidores. c. Una interfaz gráﬁca que permite a los usuarios interactuar con una aplicación web. d. Un servicio que se ejecuta localmente en el dispositivo del usuario sin necesidad de conectarse a una red. La respuesta correcta es: a. Una aplicación o componente que se comunica con otras aplicaciones a través de la red utilizando protocolos estándar.
Java.pdf	java/Java.pdf	6	Java	pág 6	¿Cuál de las siguientes afirmaciones sobre el ciclo for mejorado introducido en Java 5 es verdadera? a. El ciclo for mejorado solo se puede utilizar con matrices. b. El ciclo for mejorado se puede utilizar con cualquier tipo de colección y matriz. c. El ciclo for mejorado permite la modiﬁcación de los elementos de la colección durante la iteración. d. El ciclo for mejorado no requiere que la colección implemente la interfaz Iterable. La respuesta correcta es: b. El ciclo for mejorado se puede utilizar con cualquier tipo de colección y matriz.
Java.pdf	java/Java.pdf	7	Herramientas/general	pág 7	¿Cuál de las siguientes características es fundamental en una base de datos relacional? a. Almacenamiento de datos en formato JSON. b. Ninguna opción es correcta. c. Utilización de nodos y relaciones para representar datos. d. Organización de datos en tablas con ﬁlas y columnas. e. Almacenamiento de datos en un sistema de archivos distribuido. La respuesta correcta es: d. Organización de datos en tablas con filas y columnas.
Java.pdf	java/Java.pdf	8	APX	pág 8	¿Cuál es el archivo utilizado para agregar la dependencia del JDBC Utility a una aplicación? A. conﬁg.xml B. conﬁg.yaml C. pom.xml D. pom.yaml E. settings.xml La respuesta correcta es: C. pom.xml
Java.pdf	java/Java.pdf	9	Java	pág 9	public class Test { int[] array = {1, 2, 3, 4, 5}; public static void main(String[] args) { new Test().go(1); } void go(int x) { array[x % 5] = x++; go(x); } } a. A java.lang.ArrayIndexOutOfBoundsException is thrown. b. A java.lang.IllegalStateException is thrown. c. A java.lang.StackOverﬂowError is thrown. d. The program runs with no output. e. Compilation fails La respuesta correcta es: c. A java.lang.StackOverflowError is thrown.
Java.pdf	java/Java.pdf	10	Java	pág 11	class Parent { public void display() { System.out.println("Parent"); } } class Child extends Parent { public void display() { System.out.println("Child"); } } public class Test { public static void main(String[] args) { Parent obj = new Child(); ((Child) obj).display(); } } a. Child b. Parent c. Compilation error d. Runtime error La respuesta correcta es: a. Child
Java.pdf	java/Java.pdf	11	Herramientas/general	pág 13	¿Cuál de las siguientes sentencias acerca del patrón de diseño Singleton es verdadera? a. El patrón Singleton es usado principalmente para facilitar la herencia y el polimorﬁsmo en la programación orientada a objetos. b. El patrón Singleton permite que una clase sea instanciada múltiples veces y provee un punto global de acceso a la última instancia creada. c. El patrón Singleton es usado para crear una colección de objetos que pueden ser accedidos globalmente. d. El patrón Singleton asegura que una clase tiene sólo una instancia y provee un punto global de acceso a ella. La respuesta correcta es: d. El patrón Singleton asegura que una clase tiene solo una instancia y provee un punto global de acceso a ella.
Java.pdf	java/Java.pdf	12	Java	pág 14	What will be the result of the following code execution involving streams? import java.util.Arrays; import java.util.List; public class Test { public static void main(String[] args) { List<Integer> numbers = Arrays.asList(1, 2, 3, 4, 5); long count = numbers.stream() .map(n -> n * 2) .filter(n -> n > 5) .count(); System.out.println(count); } } a. 0 b. 2 c. 3 d. 4 e. Compilation fails. The correct answer is: c. 3
Java.pdf	java/Java.pdf	13	APX	pág 16	¿Qué comando permite enviar una solicitud de transacción a un servidor APX? a. apx show in --project path=./TESTT001-01-ES b. apx add req --name="TESTT001-01-ES-test.json" -y --details c. apx send req --name="TESTT001-01-ES-test.json" -y --details d. apx check --repair La respuesta correcta es: c. apx send req --name="TESTT001-01-ES-test.json" -y --details
Java.pdf	java/Java.pdf	14	Java	pág 17	public class Test { public static void main(String... arguments) { final char a = 'A', d = 'D'; char grade = 'B'; switch (grade) { case a: case 'B': System.out.print("B"); case 'C': System.out.print("C"); case d: case 'F': System.out.print("F"); } } } a. A b. BF c. Compilation fails d. C e. ACF f. BCF g. B La respuesta correcta es: f. BCF
Java.pdf	java/Java.pdf	15	Java	pág 20	What will be the output of the following code snippet? class StaticNonStaticBlockTest { static { System.out.println("Static block"); } { System.out.println("Instance block"); } StaticNonStaticBlockTest() { System.out.println("Constructor"); } public static void staticMethod() { System.out.println("Static method"); } public static void main(String[] args) { StaticNonStaticBlockTest.staticMethod(); new StaticNonStaticBlockTest(); } } a.Static method Static block Instance block Constructor b.Static block Instance block Constructor Static method
Java.pdf	java/Java.pdf	16	APX	pág 21	¿Cual es la consola para la configuración de la aplicación en APX Online? a. Chrome Console b. APX Operation Console c. Apache Felix Online Console d. Builder Console e. JBoss Console La respuesta correcta es: b. APX Operation Console
Java.pdf	java/Java.pdf	17	Java	pág 22	public class StringInternExample { public static void main(String[] args) { String str1 = new String("example"); String str2 = "example"; String str3 = str1.intern(); System.out.println(str1 == str2); System.out.println(str2 == str3); System.out.println(str1 == str3); } } a. false true false b. true true true c. false false false d. true false false a b c d La respuesta correcta es: a.
Java.pdf	java/Java.pdf	18	APX	pág 25	Este patrón suele representarse como una única librería que contiene la mayoría de la funcionalidad y que otras librerías utilizan incorrectamente de apoyo. La clave del problema es que puede contener un porcentaje muy elevado de responsabilidades dentro de las solución a diseñar: Contenedor magico Blob CRUD Libreria La respuesta correcta es: Blob
Java.pdf	java/Java.pdf	19	Java	pág 26	public class Test { public static void op1(String s) { s += new String("Java"); } public static void stringTest() { String msg = new String("Hello"); op1(msg); System.out.println(msg); } public static void main(String... String) { stringTest(); } } What is the result? a. HelloJava b. Hello c. An exception is thrown at runtime d. Java e. Compilation fails f. null The correct answer is: b. Hello
Java.pdf	java/Java.pdf	20	Java	pág 28	Dado el siguiente código: import java.util.List; import java.util.function.Predicate; class Person { String name; public Person(String name) { this.name = name; } @Override public String toString() { return name; } } public class Test { static List<Person> filter(List<Person> input, Predicate<Person> predicate) { return input.stream().filter(predicate).toList(); } public static void main(String[] args) { var a = new Person("John"); var b = new Person("Jane"); var c = new Person("Mark"); var input = List.of(a, b, c); var output = filter(input, p -> !p.name.startsWith("J")); System.out.println(output); } } What is the given program's output? a. [John, Jane, Mark] b. null c. [Jane] d. [] e. [Mark] f. [John, Jane, Mark] g. [John, Jane] h. [John] The correct answer is: e. [Mark]
Java.pdf	java/Java.pdf	21	Java	pág 30	¿Cuál será el resultado de ejecutar el siguiente código? class Parent { public void display() { System.out.println("Parent"); } } class Child extends Parent { public void display() { System.out.println("Child"); } } public class Test { public static void main(String[] args) { Parent obj = new Child(); obj.display(); } } a. Parent b. Error de ejecución c. Child d. Error de compilación La respuesta correcta es: c. Child
Java.pdf	java/Java.pdf	22	Java	pág 32	public class OverloadedMethods { public OverloadedMethods() { this(10); System.out.println("No-argument constructor"); } public OverloadedMethods(int x) { System.out.println("Constructor with int argument: " + x); } public void calculate() { System.out.println("No-argument calculate method"); } public void calculate(int x) { System.out.println("Calculate method with int argument: " + x); } public static void main(String[] args) { OverloadedMethods obj1 = new OverloadedMethods(); obj1.calculate(); obj1.calculate(5); OverloadedMethods obj2 = new OverloadedMethods(20); obj2.calculate(); obj2.calculate(15); } } a. No-argument constructor Constructor with int argument: 10 No-argument calculate method Calculate method with int argument: 5 Constructor with int argument: 20 Calculate method with int argument: 15 No-argument calculate method b. No-argument constructor Constructor with int
Java.pdf	java/Java.pdf	23	Java	pág 36	Which of the following is not a part of the Java Collections Framework? a. ArrayList b. Map c. Dictionary d. List The correct answer is: c. Dictionary
Java.pdf	java/Java.pdf	24	Herramientas/general	pág 37	Cual de los siguientes comandos de Maven se utiliza para compilar un proyecto JAR, pero sin depositarlo en el repositorio local? a. mvn compile b. mvn clean c. mvn install d. mvn package La respuesta correcta es: d. mvn package
Java.pdf	java/Java.pdf	25	Java	pág 38	What is the result type when a short is subtracted from a double in Java? a. short b. You cannot subtract a short from a double. c. int d. ﬂoat e. double The correct answer is: e. double
Java.pdf	java/Java.pdf	26	Java	pág 39	public class Test { static boolean b; public static void main(String[] args) { int x = 0; if (b) { x = 1; } else if (b = false) { x = 2; } else if (b) { x = 3; } else { x = 4; } System.out.println("x=" + x); } } What is the result? a. x = 3 b. x = 0 c. Compilation fails d. x = 4 e. x = 1 The correct answer is: d. x = 4
Java.pdf	java/Java.pdf	27	Herramientas/general	pág 41	¿Cuál de las siguientes herramientas se utiliza principalmente para probar y desarrollar APIs, permitiendo enviar solicitudes HTTP y analizar las respuestas? a. Git b. Ninguna de las anteriores. c. Artifactory d. Docker e. Maven La respuesta correcta es: b. Ninguna de las anteriores
Java.pdf	java/Java.pdf	28	Java	pág 42	¿Qué puede suceder al intentar ejecutar el siguiente código para establecer una conexión a una base de datos?" public class TestJDBC { public static void main(String[] args) { String url = "jdbc:mysql://localhost:3306/mydb"; String user = "user"; String password = "password"; try { Connection conn = DriverManager.getConnection(url, user, password); System.out.println("Connection established successfully."); } catch (SQLException e) { System.out.println("Failed to establish connection."); e.printStackTrace(); } } } a) Establece la conexión exitosamente e imprime "Connection established successfully". b) Lanza una ClassNotFoundException. c) Lanza una NullPointerException. d) Falla al establecer la conexión e imprime "Failed to establish connection."
Java.pdf	java/Java.pdf	29	Java	pág 43	public class OverloadedExample { private String name; public OverloadedExample() { this("Default"); System.out.println("No-argument constructor called"); } public OverloadedExample(String name) { this.name = name; System.out.println("Constructor with argument called: " + name); } public void display() { System.out.println("Name: " + name); } public void display(String prefix) { System.out.println(prefix + ":" + name); } public static void main(String[] args) { OverloadedExample obj1 = new OverloadedExample(); obj1.display(); obj1.display("Hello"); OverloadedExample obj2 = new OverloadedExample("John"); obj2.display(); obj2.display("Hi"); } } a.No-argument constructor called Constructor with argument called: Default Name: Default Hello:Default Constructor with argument called: John Name: John Hi:John b.No-argument constructor called Constructor with argument called: Default Name: D
Java.pdf	java/Java.pdf	30	Java	pág 45	In Java, which syntax is used to declare a method parameter that accepts a variable number of arguments? a. [] b. varargs c. <> d. ... e. {} The correct answer is: d. ...
Java.pdf	java/Java.pdf	31	APX	pág 46	En JDBC APX cual es la cantidad máxima de resultados que permite obtener la consulta antes de que se deba de paginar? 1000 2000 5000 4000 3000
Java.pdf	java/Java.pdf	32	Java	pág 46	Which statement about the following code is correct? class Base { public Base() { System.out.println("Base constructor"); } public Base(String message) { System.out.println("Base constructor with message: " + message); } } class Derived extends Base { public Derived() { super("Hello"); System.out.println("Derived constructor"); } } public class Test { public static void main(String[] args) { Derived derived = new Derived(); } } a. It will print "Base constructor" followed by "Derived constructor". b. It will print "Base constructor with message: Hello" followed by "Derived constructor". c. It will throw a compilation error. d. It will print "Derived constructor" followed by "Base constructor with message: Hello". The correct answer is: b. It will print "Base constructor with message: Hello" followed by "Derived constructor".
Java.pdf	java/Java.pdf	33	Herramientas/general	pág 49	¿Qué patrón de diseño es el más adecuado para garantizar que una clase tenga solo una instancia y proporciona un punto de acceso global a esta? a. Strategy Pattern b. Factory Pattern c. Singleton Pattern d. Observer Pattern e. Command Pattern La respuesta correcta es: c. Singleton Pattern
Java.pdf	java/Java.pdf	34	APX	pág 50	¿Cuál de los siguientes componentes de APX representa una entidad comercial en forma de un Bean? a. Transacciones b. Jobs c. Librerias d. Todas las opciones son correctas e. DTOs La respuesta correcta es: e. DTOs
Java.pdf	java/Java.pdf	35	Java	pág 51	Which of the following are reserved words in Java for exception handling? a. try, catch, ﬁnally, throw, throws b. ﬁnal, static, catch, throws c. throw & throws d. try, catch, ﬁnal, throw, throws e. Error, Exception, RuntimeException, Throwable The correct answer is: a. try, catch, finally, throw, throws
Java.pdf	java/Java.pdf	36	Herramientas/general	pág 53	¿Cuál es el propósito principal del archivo pom.xml en un proyecto Maven? a. Para almacenar la conﬁguración del repositorio del proyecto. b. Para especiﬁcar la versión de Java utilizada en el proyecto. c. Para deﬁnir las dependencias del proyecto, la conﬁguración de compilación y los complementos. d. Para almacenar la conﬁguración especíﬁca del usuario. La respuesta correcta es: c. Para definir las dependencias del proyecto, la configuración de compilación y los complementos.
Java.pdf	java/Java.pdf	37	Java	pág 54	Which tool is used to package Java classes into a JAR (Java Archive) file? a. jconsole b. java c. jps d. javac e. jar The correct answer is: e. jar
Java.pdf	java/Java.pdf	38	Java	pág 55	¿Cuál de los siguientes fragmentos de código generará una ClassCastException en tiempo de ejecución? // Opción a class A {} class B extends A {} public class Test { public static void main(String[] args) { A obj = new B(); A a = (A) obj; } } // Opción b class A {} class B extends A {} public class Test { public static void main(String[] args) { B obj = new B(); A a = (A) obj; } } // Opción c class A {} class B extends A {} public class Test { public static void main(String[] args) { A obj = new B(); B b = (B) obj; } } // Opción d class A {} class B extends A {} public class Test { public static void main(String[] args) { A ob = new A(); B b = (B) ob; } } a b c d La respuesta correcta es: d
Java.pdf	java/Java.pdf	39	Java	pág 59	Which of the following operators are valid for boolean variables in Java? a. && b. | c. + d. || e. == The correct answers are: a. &&
Java.pdf	java/Java.pdf	40	Java	pág 60	public class LoopQuestion { public static void main(String[] args) { int count = 0; for (int i = 0; i < 10; i++) { if (i % 2 == 0) { count++; } } System.out.println("Count: " + count); } } a. Compilation fails. b. Count: 5 c. Count: 4 d. Count: 10 e. Count: 6 The correct answer is: b. Count: 5
Java.pdf	java/Java.pdf	41	Java	pág 61	What is the output of the following program? public class Test { public static void main(String[] args) { int x = 0; while (x++ < 5) { // Empty loop body } String message = x > 5 ? "greater than" : "false"; System.out.println(message + " - " + x); } } a. false than - 6 b. greater than - 6 c. false than - 5 d. Compilation fails. e. greater than - 5 The correct answer is: b. greater than - 6
Java.pdf	java/Java.pdf	42	APX	pág 63	¿Qué es el APX CLI? a. Herramienta Web que permite crear el andamio de un proyecto APX. b. Herramienta para administrar las dependencias de un proyecto APX. c. Herramienta web que proporciona a los desarrolladores y administradores gestionar la conﬁguración. d. Es una interfaz de línea de comandos para realizar operaciones sobre componentes APX. La respuesta correcta es: d. Es una interfaz de línea de comandos para realizar operaciones sobre componentes APX.
Java.pdf	java/Java.pdf	43	Herramientas/general	pág 64	Which of the following statements about the Singleton pattern is true? a. The Singleton pattern allows a class to be instantiated multiple times but provides a global access point to the most recently b. The Singleton pattern ensures that a class has only one instance and provides a global point of access to it c. The Singleton pattern is mainly used to facilitate inheritance and polymorphism in object-oriented programming. d. The Singleton pattern is used to create a collection of objects that can be accessed globally. The correct answer is: b. The Singleton pattern ensures that a class has only one instance and provides a global point of access to it
Java.pdf	java/Java.pdf	44	APX	pág 66	¿Cuáles dos de las siguientes opciones son funciones de la siguiente instrucción? apx deploy local --runtime=online --country=ESP -y a. Despliega el componente APX en el enfoque APX Online en el lenguaje Español. b. Compila, empaqueta y ejecuta pruebas del componente en el que está ubicado. c. Despliega el componente APX en el enfoque APX Online en la región de España. d. La instrucción tiene un error.
Java.pdf	java/Java.pdf	45	Herramientas/general	pág 66	¿Cuál de las siguientes bases de datos NoSQL es conocida por su modelo de documentos, donde los datos se almacenan en formato BSON (Binary JSON)? a. MongoDB b. Neo4j c. Cassandra d. Redis La respuesta correcta es: a. MongoDB
Java.pdf	java/Java.pdf	46	APX	pág 67	¿Cómo solucionamos un Blob? Realizar un refactoring del diseño entre las librerías involucradas. La clave es mover el comportamiento de este antipatrón a sus librerías relacionadas, diferenciándose por las entidades con las que trabajan, reduciendo el acoplamiento entre librerías y simpliﬁcando los mantenimientos. Normalmente es muy complicada de reutilizar y probar. Puede ser ineﬁciente o introducir excesiva complejidad si se reutiliza para pequeñas partes de su funcionalidad. Agregar una gran cantidad de métodos “execute”. Realizar un refactoring del diseño sin las librerías involucradas. La respuesta correcta es: Realizar un refactoring del diseño entre las librerías involucradas. La clave es mover el comportamiento de este antipatrón a sus librerías relacionadas, diferenciándose por las entidades con las que trabajan, reduciendo el acoplamiento entre librerías y simplificando lo
Java.pdf	java/Java.pdf	47	Herramientas/general	pág 69	¿Cuál es la principal función del servidor de aplicaciones Jboss? a. Proporcionar una plataforma para desplegar, ejecutar y gestionar aplicaciones empresariales Java. b. Ofrecer un sistema de control de versiones para proyectos Java. c. Actuar como un servicio para el desarrollo de aplicaciones HTML y CSS. d. Proporcionar un entorno de desarrollo integrado (IDE) para aplicaciones Java. La respuesta correcta es: a. Proporcionar una plataforma para desplegar, ejecutar y gestionar aplicaciones empresariales Java.
Java.pdf	java/Java.pdf	48	Herramientas/general	pág 70	¿Cuál de los siguientes comandos de Git se utiliza para crear una nueva rama y cambiarse a ella? a. git branch nombre_de_rama b. git checkout -m nombre_de_rama c. git branch -d nombre_de_rama d. git checkout -b nombre_de_rama La respuesta correcta es: d. git checkout -b nombre_de_rama
Java.pdf	java/Java.pdf	49	Java	pág 71	¿Cuáles de las siguientes excepciones deben ser chequeadas? a. IOException b. IndexOutOfBoundsException c. InterruptedException d. NullPointerException e. ClassCastException f. ArithmeticException Las respuestas correctas son: a. IOException
Java.pdf	java/Java.pdf	50	Herramientas/general	pág 72	In a Maven proyect which file is used to configure proyect dependecies, build configuration and proyect metadata? a. package.json b. settings.xml c. pom.xml d. build.gradle e. apx.yaml The correct answer is: c. pom.xml
Java.pdf	java/Java.pdf	51	Java	pág 74	¿Cuál será el resultado de intentar compilar y ejecutar el siguiente fragmento de código? import java.util.*; public class ComparableTest { public static void main(String[] args) { List<Item> items = new ArrayList<>(); items.add(new Item("Apple", 3)); items.add(new Item("Banana", 2)); items.add(new Item("Cherry", 1)); Collections.sort(items); for (Item item : items) { System.out.println(item.getName() + ": " + item.getPrice()); } } } class Item implements Comparable<Item> { private String name; private int price; public Item(String name, int price) { this.name = name; this.price = price; } public String getName() { return name; } public int getPrice() { return price; } @Override public int compareTo(Item other) { return this.name.compareTo(other.name); } } a. Error de compilación debido a una implementación incorrecta de Comparable. b. Imprimirá los artículos ordenados por precio.
Java.pdf	java/Java.pdf	52	Java	pág 77	Dado el siguiente código public class Test { _____ doMath(long l, short s) { return s / (l * 10); } } ¿Cuál es el tipo de retorno válido punto flotante más restringido para el método de cálculo? a. long b. ﬂoat c. short d. int e. byte f. double La respuesta correcta es: b. float
Java.pdf	java/Java.pdf	53	Java	pág 78	¿Cuál de las siguientes anotaciones en JUnit se utiliza para indicar que un método debe ejecutarse antes de cada método de prueba? a. @Before b. @Test c. @JUnit d. @BeforeClass e. @After La respuesta correcta es: a. @Before
Java.pdf	java/Java.pdf	54	Java	pág 80	import java.util.ArrayList; public class Test { public static void main(String[] args) { String v = new String(); StringBuffer sb = new StringBuffer(); class MyList extends ArrayList { } System.out.println((v instanceof String) && (sb instanceof Object) && (new MyList() instanceof ArrayList)); } } What is the result? a. false b. true c. The code runs with no output. d. Compilation fails. e. An exception is thrown at runtime. f. null The correct answer is: b. true
Java.pdf	java/Java.pdf	55	Java	pág 81	In Java, which of the following is used to call a constructor from another constructor in the same class? a. super() b. new() c. this.<class_name>() d. this() The correct answer is: d. this()
Java.pdf	java/Java.pdf	56	Java	pág 83	public class Test { public static void main(String[] args) { String str = "a1b2c3d4e5f6"; String[] parts = str.split("\\D"); for (String part : parts) { System.out.print(part + " "); } } } a. 1 2 3 4 5 6 b. Compilation fails. c. abcdef d. An exception is thrown at runtime. e. 123456 f. abcdef The correct answer is: a. 1 2 3 4 5 6
Java.pdf	java/Java.pdf	57	Java	pág 84	public class Test { static int co = 0; public static void main(String[] args) { int x = 1; for (test('1'); test('2') && (x <= 2); test('3')) { x++; test('4'); } System.out.println(" The co value = " + co); } static boolean test(char num) { System.out.print("" + num); co++; return true; } } a. 12432432 The co value = 8 b. 1234 The co value = 4 c. 14231423 The co value = 8 d. 12341234 The co value = 8 e. 12342342 The co value = 8 f. Compilation fails The correct answer is: a. 12432432 The co value = 8
Java.pdf	java/Java.pdf	58	Java	pág 87	Which of the following statements about ArrayList is true? a. ArrayList allows duplicate elements. b. ArrayList does not maintain the insertion order of elements. c. ArrayList elements are stored in a tree structure. d. ArrayList can store primitive types directly. The correct answer is: a. ArrayList allows duplicate elements.
Java.pdf	java/Java.pdf	59	Java	pág 88	import java.time.LocalDateTime; import java.time.Period; import java.time.format.DateTimeFormatter; import java.time.format.FormatStyle; public class Test { public static void main(String[] argv) { LocalDateTime d = LocalDateTime.of(1997, 5, 15, 23, 55, 30); Period p = Period.of(1, 2, 3); d = d.minus(p); DateTimeFormatter f = DateTimeFormatter.ofLocalizedDateTime(FormatStyle.SHORT); System.out.println(d.format(f)); } } a. 15/05/1997 b. The code does not compile c. 05/15/97 23:55 AM d. 0.996875 e. A runtime exception is thrown f. 12/3/1996 g. 12/03/96 23:55 Vamos a analizar el código paso a paso: import java.time.LocalDateTime; import java.time.Period; import java.time.format.DateTimeFormatter; import java.time.format.FormatStyle; public class Test { public static void main(String[] argv) { LocalDateTime d = LocalDateTime.of(1997, 5, 15, 23, 55, 30); Period p = Period.of(1, 2, 3); d
Java.pdf	java/Java.pdf	60	Java	pág 91	¿Cuál es el tipo de resultado cuando se resta un short de un double en Java? a. int b. No se puede restar un short de un double. c. ﬂoat d. short e. double Muy bien, lo vemos con calma 👇 📌 Reglas de promoción numérica en Java Cuando realizas operaciones aritméticas entre tipos primitivos en Java, el compilador convierte automáticamente los operandos al tipo más “grande” (con mayor precisión) de la operación. El orden de "jerarquía" es: byte → short → int → long → float → double ● Si uno de los operandos es double , el otro se convierte automáticamente en double . ● El resultado ﬁnal será también double . 📌 Ejemplo práctico short s = 5; double d = 10.5; var r = d - s; System.out.println(r); // 5.5 System.out.println(((Object)r).getClass().getName()); Salida: 5.5 java.lang.Double 👉 El short se promueve a double , y el resultado es double .
Java.pdf	java/Java.pdf	61	Java	pág 92	¿Cuál de los siguientes métodos de Mockito se utiliza para verificar que un método de un mock ha sido llamado un número específico de veces? a. doThrow() b. verify() c. doReturn() d. Ninguna opción es correcta. e. when() & thenReturn() Vamos a analizar 👇 En Mockito , los métodos más usados son: ● when(...).thenReturn(...) → para deﬁnir qué debe devolver un mock cuando se llama a cierto método. ● doReturn(...).when(...) o doThrow(...).when(...) → para simular comportamientos (devolver algo o lanzar excepciones). ● verify(...) → para veriﬁcar interacciones con el mock, como cuántas veces se llamó un método. Ejemplo: verify(miMock, times(3)).miMetodo(); 👉 Veriﬁca que miMetodo() fue invocado exactamente 3 veces sobre miMock .
Java.pdf	java/Java.pdf	62	Java	pág 93	¿Cuál de las siguientes afirmaciones es correcta sobre la aserción assertEquals en JUnit? a. Se utiliza para veriﬁcar que una colección contiene un elemento especíﬁco. b. Se utiliza para veriﬁcar que dos valores son iguales. c. Se utiliza para veriﬁcar que una condición es verdadera. d. Se utiliza para veriﬁcar que dos objetos referencian la misma instancia. Vamos con la explicación 👇 En JUnit , las aserciones más comunes son: ● assertEquals(expected, actual) → veriﬁca que dos valores (u objetos, comparando con equals() ) sean iguales . ● assertTrue(condition) → veriﬁca que una condición sea verdadera. ● assertSame(expected, actual) → veriﬁca que dos referencias apunten a la misma instancia . ● Para veriﬁcar que una colección contenga un elemento se usaría otra librería (por ejemplo Hamcrest con assertThat ), no assertEquals .
Java.pdf	java/Java.pdf	63	Java	pág 94	import java.util.Arrays; public class Test { public static void main(String[] args) { String[] strings = { "2", "3", "1", "4" }; Arrays.sort(strings, 1, 4); System.out.println(Arrays.toString(strings)); } } What is the given code fragment's output? a. [2, 3, 1, 4] b. [2, 1, 3, 4] c. [1, 2, 3, 4] d. [2, 4, 1, 3] e. [4, 3, 2, 1] Analicemos el código 👇 String[] strings = { "2", "3", "1", "4" }; Arrays.sort(strings, 1, 4); System.out.println(Arrays.toString(strings)); Paso 1: Arreglo original ["2", "3", "1", "4"] Paso 2: Uso de Arrays.sort(strings, 1, 4) ● Arrays.sort(array, fromIndex, toIndex) → ordena desde fromIndex (incluido) hasta toIndex (excluido) . ● Aquí: fromIndex = 1 , toIndex = 4 → se ordenan los elementos en posiciones 1, 2, 3 ( "3" , "1" , "4" ). ● El elemento en índice 0 ( "2" ) queda igual . Paso 3: Orden lexicográﬁco de {"3", "1", "4"} En orden ascendente (String): "1"
Java.pdf	java/Java.pdf	64	Java	pág 96	class Exc1 extends Exception {} class Exc2 extends Exception {} public class Test { static void a() throws Exc1 { try { System.out.print("Try "); } catch (Exc1 e) { System.out.print("Catch "); } finally { System.out.println("Finally "); } } static void b() throws Exc1, Exc2 { throw new Exc2(); } public static void main(String args[]) { try { a(); b(); } catch (Exc1 e) { System.out.println("Caught1"); } catch (Exc2 ex) { System.out.print("Caught2"); } } } What is the result? a. Try Finally Caught2 b. La compilación falla c. Try d. Try Caught2 e. Try ﬁnally
Java.pdf	java/Java.pdf	65	Java	pág 98	En Java, ¿cuál de las siguientes instrucciones es usada para llamar a un constructor desde otro constructor en la misma clase? a. this.<class_name>() b. super() c. new() d. this() En Java: ● super() → llama al constructor de la superclase . ● new() → crea un nuevo objeto . ● this.<class_name>() → ❌ no existe en Java. ● this() →
Java.pdf	java/Java.pdf	66	APX	pág 99	¿Cuáles son las utilerías que pueden ser usadas en APX Batch? a. JDBC Utility b. AP Connector c. Merge/Sort d. Neo4J e. Document Manager
Java.pdf	java/Java.pdf	67	Java	pág 99	What will be the output of the following code snippet? import java.io.Closeable; import java.io.IOException; class Resource implements AutoCloseable { @Override public void close() { System.out.print("Resource closed "); } public void use() { System.out.print("Resource used "); } } public class Test { public static void main(String[] args) { try (Resource resource = new Resource()) { resource.use(); } catch (Exception e) { e.printStackTrace(); } } } a. Compilation error. b. Resource used Resource closed. c. Resource closed Resource used. d. Runtime error. Vamos a analizarlo paso a paso 👇 Código: class Resource implements AutoCloseable { @Override public void close() { System.out.print("Resource closed "); } public void use() { System.out.print("Resource used "); } } public class Test { public static void main(String[] args) { try (Resource resource = new Resource()) { resource.use(
Java.pdf	java/Java.pdf	68	Herramientas/general	pág 103	En el contexto del patrón de diseño de Comando (Command Pattern), ¿cuál es el propósito de la clase invocadora (Invoker)? a. Crear objetos que representan acciones y sus parámetros. b. Deﬁnir una interfaz común para todas las clases que representan comandos. c. Mantener la lógica de los objetos comando y ejecutar el comando solicitado en el momento adecuado. d. Ejecutar un comando y, opcionalmente, almacenar y deshacer el comando si es necesario. Vamos a analizar el Command Pattern paso a paso 👇 Componentes principales del patrón de diseño Command: 1. Command (Comando) ○ Deﬁne una interfaz común con un método execute() . ○ Representa la acción a realizar. 2. ConcreteCommand (Comando Concreto) ○ Implementa la interfaz Command . ○ Conoce el receptor y llama a sus métodos para ejecutar la acción. 3. Receiver (Receptor) ○ Es el objeto que sabe cómo realizar la acción concreta. 4. Invoker
Java.pdf	java/Java.pdf	69	Herramientas/general	pág 104	¿Cuál es el propósito principal del patrón de paginación en el desarrollo de aplicaciones web? Mejorar la seguridad de la aplicación al evitar ataques de inyección SQL. Incrementar la portabilidad del software al utilizar estándares de codiﬁcación universal. Facilitar la integración con servicios externos mediante el uso de API RESTful. Optimizar el rendimiento y la experiencia del usuario al dividir grandes conjuntos de datos en páginas más pequeñas. Vamos a analizarlo: El patrón de paginación en aplicaciones web se utiliza principalmente cuando tienes grandes volúmenes de datos . ● En lugar de cargar todos los registros a la vez (lo que puede consumir mucha memoria y hacer lenta la aplicación), la paginación: ○ Divide los datos en páginas más pequeñas . ○ Permite que el usuario vea solo una parte del conjunto de datos a la vez. ○ Mejora el rendimiento y la experiencia de usuario .
Java.pdf	java/Java.pdf	70	Java	pág 105	public class NestedLoopTest { public static void main(String[] args) { for (int i = 1; i <= 3; i++) { for (int j = 1; j <= 2; j++) { System.out.println("i."+i + "," + "j."+j); } } } } a) i.1,j.1 i.1,j.2 i.2,j.1 i.2,j.2 i.3,j.1 i.3,j.2 b) i.1,j.1 i.2,j.2 i.3,j.3 c) i.1,j.1 i.1,j.2 i.1,j.3 i.2,j.1 i.2,j.2 i.2,j.3 d) i.1,j.1 i.2,j.1 i.3,j.1 a b c d Analicemos el código paso a paso 👇 for (int i = 1; i <= 3; i++) { // i = 1, 2, 3 for (int j = 1; j <= 2; j++) { // j = 1, 2 System.out.println("i."+i + "," + "j."+j); } } 🔹 Iteraciones: 1. i = 1 ○ j = 1 → imprime i.1,j.1 ○ j = 2 → imprime i.1,j.2 2. i = 2 ○ j = 1 → imprime i.2,j.1 ○ j = 2 → imprime i.2,j.2 3. i = 3 ○ j = 1 → imprime i.3,j.1 ○ j = 2 → imprime i.3,j.2 🔹 Salida ﬁnal: i.1,j.1 i.1,j.2 i.2,j.1 i.2,j.2 i.3,j.1 i.3,j.2
Java.pdf	java/Java.pdf	71	Java	pág 109	¿Cuál es la salida del siguiente código? import java.time.LocalDate; import java.time.Month; public class Test { public static void main(String[] argv) { LocalDate date = LocalDate.of(1997, Month.MAY, 50); System.out.println(date.getYear() + "-" + date.getMonth() + "-" + date.getDayOfMonth()); } } a. 1997-MAY-15 b. 1997-JUN-15 c. Se genera una excepción en tiempo de ejecución. d. El código no compila. e. 14-JUN-1997 Analicemos el código paso a paso 👇 LocalDate date = LocalDate.of(1997, Month.MAY, 50); ● LocalDate.of(int year, Month month, int dayOfMonth) ● El día 50 de mayo no existe. ● Java no ajusta automáticamente días que excedan el mes, a diferencia de algunas librerías. Por lo tanto, al intentar crear esta fecha, se lanza una excepción en tiempo de ejecución : java.time.DateTimeException: Invalid date 'MAY 50' ●
Java.pdf	java/Java.pdf	72	Java	pág 110	Which of the following lines of code correctly uses a method from the String class to replace all occurrences of the character 'a' with 'e' in a given string in Java? a. String result = "banana".replace('a', 'e'); b. String result = "banana".change('a', 'e'); c. String result = "banana".modify('a', 'e'); d. String result = "banana".substitute('a', 'e'); e. String result = "banana".swap('a', 'e'); En Java, la clase String tiene el método replace para reemplazar caracteres o secuencias de caracteres: String result = "banana".replace('a', 'e'); System.out.println(result); // imprime "benene" Las otras opciones ( change , modify , substitute , swap ) no existen en la clase String .
Java.pdf	java/Java.pdf	73	Java	pág 111	Consider the following Java Code: class Animal { public void makeSound() { System.out.println("Sound"); } public void makeSound(String sound) { System.out.println(sound); } } class Dog extends Animal { @Override public void makeSound() { System.out.println("Bark"); } public void makeSound(int times) { for (int i = 0; i < times; i++) { System.out.println("Bark"); } } } public class Test { public static void main(String[] args) { Animal animal = new Animal(); Animal dog = new Dog(); animal.makeSound(); animal.makeSound("Roar"); dog.makeSound(); dog.makeSound("Growl"); } } What will be the output of the above code? a. Sound Roar Bark Roard b. Sound Roar Bark Growl c. Sound Roar Bark Bark d. Sound Roar Sound Growl Vamos a analizar el código paso a paso 👇 Clases class Animal { public void makeSound() { System.out.println("Sound"); } public void makeSound(String sound) { System.out.pri
Java.pdf	java/Java.pdf	74	APX	pág 115	APX proporciona a las aplicaciones las utilidades para ejecutar una consulta solo a base de datos relacional. Seleccione una: Verdadero Falso La aﬁrmación es falsa . Justiﬁcación: ● APX no se limita únicamente a bases de datos relacionales. ● Proporciona utilidades que permiten interactuar con diferentes tipos de fuentes de datos , incluyendo bases relacionales, documentos, y otras fuentes. ● Por lo tanto, no es correcto decir que solo se ejecutan consultas a bases relacionales.
Java.pdf	java/Java.pdf	75	Java	pág 116	Resultado de la operacion 9 | 4 13 --> System.out.println( 9| 4); Vamos a analizarlo paso a paso: La operación | en Java es el OR bit a bit . ● Números en binario: 9 -> 1001 4 -> 0100 ● Operación OR ( | ): se pone 1 si alguno de los bits es 1: 1001 0100 ---- 1101 -> 13 en decimal
Java.pdf	java/Java.pdf	76	Java	pág 116	Which of the following are valid ways to initialize a boolean variable in Java? a. boolean ﬂag = Boolean.FALSE; b. boolean ﬂag = true; c. boolean ﬂag = 0; d. boolean ﬂag = false; e. boolean ﬂag = "false";
Java.pdf	java/Java.pdf	77	Herramientas/general	pág 117	Which is the primary purpose of the pom.xml file in a Maven project? a. To specify the Java version used in the project. b. To manage the project's repository settings. c. To deﬁne the project's dependencies, build conﬁguration, and plugins. d. To store user-speciﬁc conﬁguration. En Maven , el archivo pom.xml (Project Object Model) es el corazón del proyecto y tiene los siguientes propósitos: ● Deﬁnir dependencias que el proyecto necesita. ● Conﬁgurar el proceso de construcción (build) . ● Especiﬁcar plugins para tareas adicionales (compilación, empaquetado, tests, etc.). Las otras opciones son parciales o incorrectas: ● a) La versión de Java puede especiﬁcarse, pero no es el propósito principal. ● b) Repositorios pueden deﬁnirse, pero no es lo central. ● d) Conﬁguración de usuario se guarda en settings.xml , no en pom.xml .
Java.pdf	java/Java.pdf	78	Java	pág 118	public class Test { public static void main(String[] args) { try { mf(); System.out.print("A"); } catch (Exception e) { System.out.print("B"); } finally { System.out.print("C"); } System.out.print("D"); } static void mf() { } } What is the result? a. ABCD b. ACD c. AC d. D e. compilation fails f. BCD Analicemos el código paso a paso 👇 public class Test { public static void main(String[] args) { try { mf(); System.out.print("A"); } catch (Exception e) { System.out.print("B"); } finally { System.out.print("C"); } System.out.print("D"); } static void mf() { } } Paso 1: Llamada a mf() ● mf() no lanza ninguna excepción . ● Por lo tanto, no se entra al bloque catch . Paso 2: Bloque try ● Después de mf() , se imprime "A" → salida parcial: "A" Paso 3: Bloque finally ● Siempre se ejecuta → imprime "C" → salida parcial: "AC" Paso 4: Después del try-catch-finally ● Se imprime "D" → salida ﬁna
Java.pdf	java/Java.pdf	79	Java	pág 120	En Java, ¿qué sintaxis es usada para declarar un parámetro en un método que acepte un número variable de argumentos? a. <> b. ... c. [] d. varargs e. {} En Java, para declarar un parámetro que acepte un número variable de argumentos se utiliza la sintaxis ... , conocida como varargs . Ejemplo: public void imprimirNumeros(int... nums) { for (int n : nums) { System.out.println(n); } } ● Aquí, nums puede recibir cualquier cantidad de enteros ( 0, 1, o más ).
Java.pdf	java/Java.pdf	80	APX	pág 121	¿Qué es un Job en el contexto de Spring Batch? a. Una clase que gestiona la persistencia de datos en la base de datos. b. Una entidad que encapsula todo el proceso por lotes, conﬁgurada a través de un archivo XML o una conﬁguración basada en Java. c. Un componente que ejecuta tareas individuales dentro de un Step. d. Una interfaz que deﬁne métodos para realizar operaciones CRUD en los datos del JobRepository. En Spring Batch , los conceptos principales son Job y Step : ● Job ○
Java.pdf	java/Java.pdf	81	Java	pág 122	Give public class Test { public static void main(String[] args) { float f = 3.14f; new Test().doIt(f); } void doIt(Float f) { System.out.println("Float"); } void doIt(double d) { System.out.println("double"); } void doIt(float... fs) { System.out.println("varargs"); } } What is the result? a. Compilations fails. b. An exception is thrown at runtime. c. The output is not predictable. d. Float e. varargs f. double Vamos a analizar la llamada a doIt(f) paso a paso 👇 Código clave: float f = 3.14f; new Test().doIt(f); Métodos disponibles en Test : 1. void doIt(Float f) → acepta objeto Float (boxing). 2. void doIt(double d) → acepta primitivo double (widening). 3. void doIt(float... fs) → acepta varargs de ﬂoat . Resolución de sobrecarga Java sigue un orden de preferencia cuando hay sobrecarga: 1. Exact match 2. Widening primitive conversion 3. Boxing 4. Varargs ● Tenemos float f (primi
Java.pdf	java/Java.pdf	82	APX	pág 125	¿Cuál de los siguientes componentes de APX encapsula la lógica empresarial y el acceso a los datos, además publica su interfaz para que pueda ser usada por terceros? a. Librerías b. DTOs c. Jobs d. Todas las opciones son correctas. e. Transacciones Analicemos cada opción en el contexto de APX : ● Librerías → Contienen código reutilizable, pero no necesariamente exponen lógica empresarial para terceros. ● DTOs (Data Transfer Objects) → Solo transportan datos, no encapsulan lógica . ● Jobs → Ejecutan procesos batch, no necesariamente exponen interfaz para terceros . ● Transacciones → Gestionan la atomicidad de operaciones, no encapsulan lógica empresarial . El componente que sí encapsula la lógica empresarial, maneja acceso a datos y expone una interfaz para terceros son las librerías de APX que implementan los servicios o procesos reutilizables .
Java.pdf	java/Java.pdf	83	Java	pág 125	Which of the following statements accurately describe the relationships that can exist between classes in Java? Inheritance represents an "is-a" relationship where one class derives from another class. Composition represents a "has-a" relationship where one class contains an instance of another class. Inheritance should be preferred over composition to promote code reuse and ﬂexibility. Both inheritance and composition can be used together to model complex relationships. Usage (or association) represents a "uses-a" relationship where one class uses methods or instances of another class. Composition should be preferred over inheritance to promote code reuse and ﬂexibility. Analicemos cada aﬁrmación paso a paso: 1. Inheritance represents an "is-a" relationship where one class derives from another class.
Java.pdf	java/Java.pdf	84	Java	pág 127	import java.io.Closeable; import java.io.IOException; class Resource implements AutoCloseable { @Override public void close() { System.out.print("Resource closed "); } public void use() { System.out.print("Resource used "); } } public class Test { public static void main(String[] args) { try (Resource resource = new Resource()) { resource.use(); } catch (Exception e) { e.printStackTrace(); } } } a. Compilation error. b. Resource used Resource closed. c. Resource closed Resource used. d. Runtime error. Analicemos el código paso a paso 👇 class Resource implements AutoCloseable { @Override public void close() { System.out.print("Resource closed "); } public void use() { System.out.print("Resource used "); } } public class Test { public static void main(String[] args) { try (Resource resource = new Resource()) { resource.use(); } catch (Exception e) { e.printStackTrace(); } } } 🔹 Anál
Java.pdf	java/Java.pdf	85	Herramientas/general	pág 130	¿Cuál es el comando en Windows para listar el contenido de un directorio/carpeta? a. ls b. list c. mv d. dir e. show En Windows , el comando para listar el contenido de un directorio es: ● dir → muestra archivos y subcarpetas del directorio actual. Las otras opciones: ● ls → comando de Linux/macOS. ● list , show → no existen en CMD. ● mv → se usa para mover o renombrar archivos en Linux/Windows PowerShell, no para listar.
Java.pdf	java/Java.pdf	86	Java	pág 130	What are the modifiers that a nested class can have? a. public b. ﬁnal c. protected d. abstract e. static f. private g. strictfp h. All the options are correct. En Java, una nested class (clase anidada) puede tener varios modiﬁcadores dependiendo de su tipo: 1. Member class (nested non-static class) : ○ public , protected , private , abstract , final , strictfp 2. Static nested class : ○ public , protected , private , abstract , final , strictfp , static Por lo tanto, todas las opciones listadas son válidas para algún tipo de nested class .
Java.pdf	java/Java.pdf	87	Java	pág 131	import java.util.*; public class ComparableTest { public static void main(String[] args) { List<Item> items = new ArrayList<>(); items.add(new Item("Apple", 3)); items.add(new Item("Banana", 2)); items.add(new Item("Cherry", 1)); Collections.sort(items); for (Item item : items) { System.out.println(item.getName() + ": " + item.getPrice()); } } } class Item implements Comparable<Item> { private String name; private int price; public Item(String name, int price) { this.name = name; this.price = price; } public String getName() { return name; } public int getPrice() { return price; } @Override public int compareTo(Item other) { return this.name.compareTo(other.name); } } Apple: 3 Banana: 2 Cherry: 1 Compilation error Apple: 3 Cherry: 1 Banana: 2 Cherry: 1 Banana: 2 Apple: 3 Analicemos el código paso a paso 👇 Código clave Collections.sort(items); ● La lista items contiene objetos I
Java.pdf	java/Java.pdf	88	Java	pág 135	What will be the output of the following code snippet? class A { public A() { System.out.println("A's constructor"); } } class B extends A { public B() { super(); System.out.println("B's constructor"); } } class C extends B { public C() { System.out.println("C's constructor"); } } public class Test { public static void main(String[] args) { C c = new C(); } } A's constructor B's constructor C's constructor C's constructor A's constructor B's constructor A's constructor C's constructor B's constructor What will be the output of the following code snippet? Analicemos el flujo de construcción de objetos en Java paso a paso 👇 Clases: class A { public A() { System.out.println("A's constructor"); } } class B extends A { public B() { super(); // Llama al constructor de A System.out.println("B's constructor"); } } class C extends B { public C() { System.out.println("C's constructor"); } }
Java.pdf	java/Java.pdf	89	Java	pág 138	What will be the output of the following code snippet? public class StringConcatenationTest { public static void main(String[] args) { String str1 = "Hello"; String str2 = "World"; String str3 = str1 + " " + str2; String str4 = str1.concat(" ").concat(str2); String str5 = new StringBuilder().append(str1).append(" ").append(str2).toString(); System.out.print(str3.equals(str4) + " "); System.out.print(str4.equals(str5) + " "); System.out.print((str3 == str4) + " "); System.out.println(str4 == str5); } } a. true true true true b. Compilation fails. c. true true false false d. false false false false e. false true false true f. false false true true Analicemos el código paso a paso 👇 String str1 = "Hello"; String str2 = "World"; String str3 = str1 + " " + str2; // concatenación con + String str4 = str1.concat(" ").concat(str2); // concatenación con concat() String str5 = new StringBui
Java.pdf	java/Java.pdf	90	Java	pág 141	import java.sql.Connection; import java.sql.DriverManager; import java.sql.ResultSet; import java.sql.SQLException; import java.sql.Statement; public class TestJDBC { public static void main(String[] args) { String url = "jdbc:mysql://localhost:3306/testdb"; String user = "testuser"; String password = "testpassword"; try { Connection conn = DriverManager.getConnection(url, user, password); Statement stmt = conn.createStatement(); ResultSet rs = stmt.executeQuery("SELECT name FROM users WHERE id = 1"); while (rs.next()) { System.out.println(rs.getString("name")); } } catch (SQLException e) { e.printStackTrace(); } } } a. It will throw a NullPointerException. b. It will print the name of the user with id 1. c. It will print "Connection established successfully." d. It will throw a SQLException. Analicemos el código paso a paso 👇 ● El código usa JDBC para conectarse a una base de dato
Java.pdf	java/Java.pdf	91	APX	pág 143	¿Cuáles de las siguientes son herramientas necesarias para desarrollar componentes APX? a. Git b. Docker c. Artifactory d. Maven e. JDK
Java.pdf	java/Java.pdf	92	Java	pág 144	public class Test { public void op2(String s) { s.toUpperCase(); } public void op3() { String msg = new String("message"); op2(msg); System.out.println(msg); } public static void main(String[] args) { new Test().op3(); } } a. MESSAGE b. An exception is thrown at runtime. c. Compilation fails. d. message e. null Analicemos el código paso a paso 👇 public void op2(String s) { s.toUpperCase(); } ● String en Java es inmutable . ● s.toUpperCase() devuelve un nuevo String , pero no modifica s en sí. ● Como no se asigna el resultado, s sigue apuntando al mismo valor original. public void op3() { String msg = new String("message"); op2(msg); System.out.println(msg); } ● msg se pasa a op2 . ● op2 llama a s.toUpperCase() pero no cambia msg . ● Por lo tanto, System.out.println(msg); imprime el valor original : "message" .
Java.pdf	java/Java.pdf	93	Java	pág 146	¿Cuál de las siguientes afirmaciones confirma correctamente los paquetes que usa el siguiente código? import java.sql.Connection; import java.sql.DriverManager; import java.sql.ResultSet; import java.sql.SQLException; import java.sql.Statement; public class TestJDBC { public static void main(String[] args) { String url = "jdbc:mysql://localhost:3306/mydb"; String user = "user"; String password = "password"; Connection conn = null; Statement stmt = null; ResultSet rs = null; try { conn = DriverManager.getConnection(url, user, password); stmt = conn.createStatement(); rs = stmt.executeQuery("SELECT name FROM users WHERE id = 1"); while (rs.next()) { System.out.println(rs.getString("name")); } } catch (SQLException e) { e.printStackTrace(); } finally { // Close resources here } } } a. rs.close(); stmt.close(); conn.close(); b. if (rs != null) rs.close(); if (conn != null) conn.close
Java.pdf	java/Java.pdf	94	Java	pág 149	public class Test implements Runnable { private int i; @Override public void run() { if (i % 10 == 0) { i++; } for (int x = 0; x < 10; x++, i++) { if (x == 4) { Thread.yield(); } System.out.println(i + " "); } } public static void main(String[] args) { Test n = new Test(); for (int x = 0; x < 100; x++) { new Thread(n).start(); } } } ¿Cuál es la respuesta verdadera? O a. La salida nunca puede contener el valor 297. O b. La salida nunca puede contener el valor 1020. O c. La salida nunca puede contener el valor 1130. O d. La salida nunca puede contener el valor 30. Analicemos el código paso a paso y cómo funciona la concurrencia en Java 👇 Código clave public class Test implements Runnable { private int i; @Override public void run() { if (i % 10 == 0) { i++; } for (int x = 0; x < 10; x++, i++) { if (x == 4) { Thread.yield(); } System.out.println(i + " "); } } public static void main(
Java.pdf	java/Java.pdf	95	Java	pág 153	public class OverloadedStaticMethods { public static void display() { System.out.println("Display with no arguments"); } public static void display(int num) { System.out.println("Display with integer: " + num); } public static void display(String str) { System.out.println("Display with string: " + str); } public static void main(String[] args) { OverloadedStaticMethods.display(); OverloadedStaticMethods.display(5); OverloadedStaticMethods.display("Hello"); } } a. Display with no arguments Display with string: Display with integer: Hello b. Error en compilación c. Error en tiempo de ejecución d. Display with no arguments Display with integer: 5 Display with string: Hello a b c d Vamos a analizar el código: public class OverloadedStaticMethods { public static void display() { System.out.println("Display with no arguments"); } public static void display(int num) { System.out.println(
Java.pdf	java/Java.pdf	96	Herramientas/general	pág 156	¿Cuál de las siguientes opciones se utiliza principalmente para la integración continua en el desarrollo del sofware? a. Jenkins b. Artifactory c. Jira d. SonarQube e. Bitbucket La pregunta es: ¿Cuál de las siguientes opciones se utiliza principalmente para la integración continua en el desarrollo del software? Análisis de cada opción: ● a. Jenkins →
Java.pdf	java/Java.pdf	97	Java	pág 158	import java.util.ArrayList; import java.util.List; public class Test { public static void main(String[] args) { List<String> list = new ArrayList<>(); list.add("Apple"); list.add("Banana"); list.add("Cherry"); printList(list); System.out.println("Size: " + list.size()); System.out.println("Contains 'Banana': " + list.contains("Banana")); System.out.println("Element at index 1: " + list.get(1)); } private static void printList(List<String> list) { for (String element : list) { System.out.println(element); } } } a. Apple Banana Cherry Size: 3 Contains 'Banana': true Element at index 1: Banana b. Apple Banana Size: 2 Contains 'Banana': false Element at index 1: Banana c. Apple Banana Size: 2 Contains 'Banana': true Element at index 1: Banana d. Apple Banana Cherry Size: 3 Contains 'Banana': true Element at index 1: Cherry Vamos a analizar el código paso a paso: List<String> list = new
Java.pdf	java/Java.pdf	98	APX	pág 160	Todo el acceso a los datos debe estar encapsulado en una transacción para facilitar la reutilización y control de acceso Seleccione una: verdadero Falso
Java.pdf	java/Java.pdf	99	Java	pág 161	Given: interface IFun { int calculate( int i1, int i2); } public class Test { public static void main(String[] args) { IFun f = (i1, i2) -> i1 + i2; // line 1 int i1=1, i2 = 2; // line 2 IFun g = (i1, i2) -> i1 * i2; // line 3 System. out .println(g.calculate(i1, ii)); // line 4 } } What will be the output of the above code? a. Compilation fails on line 4. b. Compilation fails on line 2. c. 2 d. Compilation fails on line 1. e. Compilation fails on line 3. f. 3 Let’s analyze step by step: interface IFun { int calculate(int i1, int i2); } public class Test { public static void main(String[] args) { IFun f = (i1, i2) -> i1 + i2; // line 1
Java.pdf	java/Java.pdf	100	Herramientas/general	pág 163	¿Cuál de las siguientes ramas en Gitflow se utiliza para aplicar correcciones rápidas directamente en producción? a. master b. feature c. hotﬁx d. release e. develop En Gitﬂow , la rama que se utiliza para aplicar correcciones rápidas directamente en producción es:
Java.pdf	java/Java.pdf	101	Java	pág 164	import java.util.Arrays; import java.util.List; import java.util.stream.Collectors; public class StreamTest { public static void main(String[] args) { List<String> items = Arrays.asList("apple", "banana", "cherry", "date"); List<String> result = items.stream() .filter(s -> s.startsWith("a")) .collect(Collectors.toList()); System.out.println(result); } } a. [apple, banana] b. [banana, cherry] c. [apple] d. [apple, cherry] El programa usa Streams para ﬁltrar los elementos de la lista que empiezan con "a" . Lista original: ["apple", "banana", "cherry", "date"] Filtro aplicado: s -> s.startsWith("a") 👉 Solo "apple" cumple la condición. Por lo tanto, la salida será:
Java.pdf	java/Java.pdf	102	Java	pág 165	class ABC { public String met() { return "snippet 1"; } } public class ABCD extends ABC { // Insert code here } Which line of code, when inserted at the commented line, causes the compiler to fail? a. public String met() { return "4"; } b. public char met(int i) { return '3';} c. public String met(int i) { return "5"; } d. public char met() { return '2'; } Veamos: La clase base: class ABC { public String met() { return "snippet 1"; } } En la subclase ABCD , cualquier método con el mismo nombre pero distinta ﬁrma se considera sobrecarga (overload) . Solo si tiene misma ﬁrma pero tipo de retorno incompatible, habrá error de compilación. Opciones: a. public String met() { return "4"; }
Java.pdf	java/Java.pdf	103	Java	pág 167	class CA { CA() { System.out.print("middle"); } CA(String s) { System.out.print(s); } } class CB extends CA { } public class Test { public static void main(String[] args) { new CA("message "); new CB(); System.out.print(" end"); } } What is the result? a. message middle end b. An exception is thrown at runtime. c. Compilation fails d. message end middle Vamos paso a paso 🚀 Código: class CA { CA() { System.out.print("middle"); } CA(String s) { System.out.print(s); } } class CB extends CA { } public class Test { public static void main(String[] args) { new CA("message "); new CB(); System.out.print(" end"); } } Análisis: 1. new CA("message "); ○ Llama al constructor CA(String s) . ○ Imprime message . 2. new CB(); ○ No tiene constructor deﬁnido → usa el constructor por defecto . ○ En Java, el constructor de una subclase llama implícitamente a super() . ○ Eso invoca CA() → imprime m
Java.pdf	java/Java.pdf	104	APX	pág 170	Una transacción APX es la unidad aplicativa que se ejecutará en APX Batch. Seleccione una: Verdadero Falso
Java.pdf	java/Java.pdf	105	Java	pág 170	¿Cuál es la función principal del JDK (Java Development Kit)? a. Permitir la edición de archivos JHTML y JCSS. b. Servir como un servidor web para aplicaciones Java. c. Proporcionar un entorno de ejecución para aplicaciones Java. d. Ofrecer herramientas necesarias para compilar, depurar y ejecutar aplicaciones Java. e. Ninguna opción es correcta. La función principal del JDK (Java Development Kit) es:
Java.pdf	java/Java.pdf	106	APX	pág 171	¿Cuál es el propósito del método setSeverity() en el manejo de una transacción APX? a. Validar los datos proporcionados por la transacción. b. Establecer la gravedad de la notiﬁcación generada por la transacción c. Determinar el tipo de transacción a ejecutar d. Conﬁgurar los parámetros de entrada de la transacción. El propósito del método setSeverity() en una transacción APX es:
Java.pdf	java/Java.pdf	107	Java	pág 172	import java.util.function.*; public class Test { public static void main(String[] args) { Predicate<String> p = (s) -> s.length() > 5; Function<String, Integer> f = String::length; Consumer<String> c = (s) -> System.out.println(s.toUpperCase()); Supplier<String> s = () -> "Hello, world!"; String testString = "functional"; System.out.println(p.test(testString)); System.out.println(f.apply(testString)); c.accept(testString); System.out.println(s.get()); } } What will be the output of the above code? a. false 9 FUNCTIONAL Hello, World! b. A runtime exception is thrown. c. Compilation fails. d. true 9 FUNCTIONAL Hello, World! e. true 10 FUNCTIONAL Hello, World! Vamos a analizar el código paso a paso: Código clave: Predicate<String> p = (s) -> s.length() > 5; Function<String, Integer> f = String::length; Consumer<String> c = (s) -> System.out.println(s.toUpperCase()); Supplier<String>
Java.pdf	java/Java.pdf	108	Java	pág 174	public class Test { public static void main(String[] args) { String a = "tic"; String b = "tac"; a.substring(0, 2); a.concat("toc"); System.out.println(a += "game" + b.toUpperCase()); } } What is the result? a. ticgameTAC b. titocTAC c. tictactoc d. ticgametac e. Compilation fails. Vamos a analizar el código paso a paso: String a = "tic"; String b = "tac"; a.substring(0, 2); // Se crea un nuevo String "ti" pero **no se asigna** → a sigue siendo "tic" a.concat("toc"); // Se crea un nuevo String "tictoc" pero **no se asigna** → a sigue siendo "tic" System.out.println(a += "game" + b.toUpperCase()); ● b.toUpperCase() → "TAC" ● "game" + b.toUpperCase() → "gameTAC" ● a += "gameTAC" → a = "ticgameTAC"
Java.pdf	java/Java.pdf	109	Java	pág 176	Which of the following packages in Java do not need to be explicitly imported in a Java program? a. java.net b. java.lang c. java.function d. java.util e. java.io f. javax.sql En Java, el paquete java.lang se importa automáticamente en todos los programas, por lo que no es necesario importarlo explícitamente . ● b. java.lang
Java.pdf	java/Java.pdf	110	Java	pág 177	Which of the following statements correctly describes an immutable object in Java? a. An immutable object must implement the Cloneable interface. b. Immutable objects cannot be created using the new keyword. c. Immutable objects can have setter methods to change their ﬁelds. d. An immutable object does not allow any changes to its state after it is created. e. An immutable object can have its ﬁelds modiﬁed after it is created. La descripción correcta de un objeto inmutable en Java es:
Java.pdf	java/Java.pdf	111	Java	pág 178	What will be the output of the following code snippet? public class EnumTest { enum Day { MONDAY, TUESDAY, WEDNESDAY, THURSDAY, FRIDAY, SATURDAY, SUNDAY } public static void main(String[] args) { for (Day day : Day.values()) { System.out.print(day + " "); } } } a. Compilation error. b. MONDAY, TUESDAY, WEDNESDAY, THURSDAY, FRIDAY, SATURDAY, SUNDAY c. MONDAY TUESDAY WEDNESDAY THURSDAY FRIDAY SATURDAY SUNDAY d. MONDAY TUESDAY WEDNESDAY THURSDAY FRIDAY SATURDAY El código deﬁne un enum Day con todos los días de la semana y luego recorre sus valores usando Day.values() . for (Day day : Day.values()) { System.out.print(day + " "); } ● Day.values() devuelve un array con todos los valores del enum. ● System.out.print(day + " ") imprime cada día seguido de un espacio. ● No hay comas ni errores de compilación. Salida: MONDAY TUESDAY WEDNESDAY THURSDAY FRIDAY SATURDAY SUNDAY Respuesta correct
Java.pdf	java/Java.pdf	112	Java	pág 179	enum Days { MONDAY, TUESDAY, WEDNESDAY, THURSDAY } public class Test { public static void main(String[] args) { int y = 1; Days d = Days.TUESDAY; switch (d) { case MONDAY: y++; case TUESDAY: y += 10; case WEDNESDAY: y += 100; case THURSDAY: y += 1000; } System.out.println(y); } } a. 11 b. 111 c. Compilation fails. d. An exception is thrown at runtime. e. 1111 En Java, cuando se usa un switch sobre un enum, cada case debe terminar con break para evitar el fall-through . Código: int y = 1; Days d = Days.TUESDAY; switch (d) { case MONDAY: y++; case TUESDAY: y += 10; case WEDNESDAY: y += 100; case THURSDAY: y += 1000; } System.out.println(y); Análisis: ● d = Days.TUESDAY ● Se ejecuta desde TUESDAY hasta el ﬁnal (porque no hay break ): 1. y += 10 → y = 11 2. y += 100 → y = 111 3. y += 1000 → y = 1111 Resultado ﬁnal: 1111
Java.pdf	java/Java.pdf	113	Java	pág 182	Cuando se asigna un byte a un carácter en Java, ¿cuál es el tipo de resultado? a. char b. int c. byte d. short e. No puedes asignar un byte a un carácter.
Java.pdf	java/Java.pdf	114	Java	pág 182	Dado: class Test { static void m(int a) { a += 10; } public static void main(String[] args) { int a = 20; m(a); Test.m(a); System.out.println(a); } } ¿Cuál es el resultado? a. 10 b. 40 c. 20 d. Compilation fails. e. An exception is throw at run time. f. 30 Analicemos paso a paso: class Test { static void m(int a) { a += 10; } public static void main(String[] args) { int a = 20; m(a); // Llama a m con a = 20 → dentro de m, a = 30, pero es **pasado por valor** Test.m(a); // Lo mismo, a sigue siendo 20 fuera del método System.out.println(a); } } ● En Java, los tipos primitivos se pasan por valor . ● Modiﬁcar a dentro del método m no afecta a a en main . Resultado ﬁnal: 20
Java.pdf	java/Java.pdf	115	Java	pág 184	abstract class Animal { void speak() { System.out.println("Animals make noise"); } public static void main(String[] args) { Animal animal = new Dog(); animal.speak(); } } class Dog extends Animal { protected void speak() { System.out.println("The Dog barks"); } } public class Test { public static void main(String... strings) { Animal.main(strings); } } a. The Dog barks b. Compilation fails. c. Animals make noise d. A runtime exception is thrown. Analicemos el código paso a paso: abstract class Animal { void speak() { System.out.println("Animals make noise"); } public static void main(String[] args) { Animal animal = new Dog(); animal.speak(); } } class Dog extends Animal { protected void speak() { System.out.println("The Dog barks"); } } 1. La clase Dog hereda de Animal . 2. Animal.speak() tiene default (package-private) . 3. Dog.speak() intenta sobrescribir speak() con protected
Java.pdf	java/Java.pdf	116	Java	pág 187	public class Test { public static void main(String[] args) { String str = "Hello"; modify(str); System.out.println(str) StringBuffer sbf = new StringBuffer("Hello"); modify(sbf); System.out.println(sbf.replace(2, sbf.length(), "o")); StringBuilder sbd = new StringBuilder("Hello"); modify(sbd); System.out.println(sbd.reverse()); } private static void modifyString(String s) { s = s.concat(" World"); } private static void modifyStringBuffer(StringBuffer sb) { sb.append(" World"); } private static void modifyStringBuilder(StringBuilder sb) { sb.append(" World"); } } a. Hello Hello World Hello World b. Hello Hello Hello c. Hello Heo dlroW olleH d. Helio World Heo Hello World e. Hello Heo World Hello Vamos a analizar el código paso a paso. Primero, observemos que los métodos llamados en main son: modify(str); modify(sbf); modify(sbd); Pero los métodos deﬁnidos son modifyString , modifyS
Java.pdf	java/Java.pdf	117	Java	pág 189	¿Cuál es la salida del siguiente código? public class Test { public void run() { try { System.out.print("Running "); throw new Exception(); } catch (Exception e) { System.err.print("Problem"); } finally { System.out.print("Stopping"); } } public static void main(String[] args) { new Test().run(); } } a. Running Stopping Problem b. Running Problem Stopping c. Running Problem d. La compilación falla e. Problem Stopping f. Stopping Problem Analicemos el código paso a paso: public void run() { try { System.out.print("Running "); throw new Exception(); } catch (Exception e) { System.err.print("Problem"); } finally { System.out.print("Stopping"); } } 1. Try: ○ Se imprime "Running " en salida estándar ( System.out ). ○ Se lanza una excepción Exception . 2. Catch: ○ La excepción es capturada. ○ Se imprime "Problem" en salida de error ( System.err ). 3. Finally: ○ Se imprime "Stopping" e
Java.pdf	java/Java.pdf	118	Java	pág 192	Which two options are true about the default constructor? a. The default always invokes the no-arg superclass constructor. b. The compiler creates a default constructor if the class does not have a no-arg constructor deﬁned. c. The default constructor is always public. d. The default constructor is c reated only when the class has no constructors deﬁned. e. The default constructor inherits the arguments of the superclass constructor.
Java.pdf	java/Java.pdf	119	APX	pág 192	¿Cuál es la nomenclatura correcta para un componente de tipo librería? a. TESTCO01 b. TESTRO01-MX-01 c. TESTRO01 d. TESTRO01-01-MX En APX, la nomenclatura estándar para una librería sigue el patrón: TESTRO01 ● TEST → preﬁjo del proyecto ● RO → indica que es librería (RO = Reusable Object / Library) ● 01 → número secuencial del componente
Java.pdf	java/Java.pdf	120	Java	pág 193	boolean x = true; boolean y = false; boolean result = x && y || !x; System.out.println(result); a. Runtime error b. False c. True d. Compilation error Analicemos paso a paso la expresión: boolean x = true; boolean y = false; boolean result = x && y || !x; 1. x && y → true && false → false 2. !x → !true → false 3. x && y || !x → false || false → false
Java.pdf	java/Java.pdf	121	Herramientas/general	pág 194	Which file is used to configure user-specific settings in Maven? a. build.xml b. settings.xml c. user.xml d. pom.xml En Maven, el archivo que se utiliza para conﬁgurar ajustes especíﬁcos del usuario (como repositorios locales, credenciales, proxies, etc.) es: settings.xml ● Se encuentra típicamente en el directorio: ~/.m2/settings.xml (Linux/macOS) o C:\Users\<usuario>\.m2\settings.xml (Windows) ● pom.xml deﬁne el proyecto, sus dependencias y su build, pero no es especíﬁco del usuario .
Java.pdf	java/Java.pdf	122	Herramientas/general	pág 195	¿Qué significa que un cambio en el software sea retrocompatible? a. El cambio puede romper la funcionalidad existente, requiriendo ajustes en el código que depende del software. b. El cambio garantiza que el software siga funcionando sin necesidad de modiﬁcaciones en el código que depende de él. c. El cambio introduce nuevas funcionalidades que no afectan el comportamiento existente del software. d. El cambio corrige errores menores y realiza mejoras de rendimiento. La deﬁnición de retrocompatibilidad (backward compatibility) se reﬁere a que las nuevas versiones de un software siguen funcionando con el código, datos o interfaces existentes sin necesidad de cambios adicionales . Por lo tanto:
Java.pdf	java/Java.pdf	123	Java	pág 195	Given the following classes, which line of code correctly creates an instance of the Dog class? class Animal { // ... } class Dog extends Animal { // ... } a. Dog dog = new Dog(); b. Animal dog = new Dog(); c. Dog dog = new Animal(); d. Animal dog = new Animal(); Analicemos las opciones: ● Dog extiende de Animal . ● Se puede asignar una instancia de subclase a una referencia de superclase , pero no al revés. Opciones: a. Dog dog = new Dog();
Java.pdf	java/Java.pdf	124	Java	pág 196	¿Qué declaraciones inicializan correctamente una variable booleana en Java? a. boolean d = (4 - 14); b. boolean f = "true"; c. boolean c = (7 >= 7); d. boolean e = (10 > 5 && 2 < 1); e. boolean b = (15 = 2); f. boolean a = (3 < 6); En Java, una variable booleana solo puede ser inicializada con un valor booleano literal ( true o false ) o con una expresión que resulte en boolean . Analicemos cada opción: ● a. boolean d = (4 - 14); ❌ Incorrecto, 4 - 14 es un entero, no booleano. ● b. boolean f = "true"; ❌ Incorrecto, "true" es un String , no un booleano literal. ● c. boolean c = (7 >= 7);
Java.pdf	java/Java.pdf	125	APX	pág 197	En APX CLI, ¿cual opcion permite crear un proyecto Maven con una unidad de despliegue de tipo librería? a. apx init dto -u="TEST" (c="001") d="New DTO domain="domain subpackage class name="Example010" -y b. apx init du-online-u="TEST" -n="online-test" d="New Deployment Unit Online" -y c. apx add dto (-c="010") -domain="customer" -d="Test of DTO" -subpackage="" class name="ExampleDTO" -y d. apx init du-lib-u="TEST" (-c="000") d="New Deployment Unit Library" -y e. apx init du-batch-u="TEST" (-n=) "batch-test" -d="New Deployment Unit Batch" -y En APX CLI, para crear un proyecto Maven con una unidad de despliegue de tipo librería , se utiliza la opción que indica explícitamente du-lib (Deployment Unit Library). Analizando las opciones: ● a. Se usa para DTOs → ❌ ● b. du-online → unidad de despliegue online → ❌ ● c. Añadir DTO → ❌ ● d. apx init du-lib-u="TEST" → correcto, crea un Deploym
Java.pdf	java/Java.pdf	126	APX	pág 198	¿Qué es ENTORNO LOCAL APX? a. Ninguna opción es correcta. b. Es un entorno productivo para desplegar los componentes APX. c. Herramienta para gestionar proyectos en Java. d. Es un entorno para que los desarrolladores prueben y depuren sus transacciones y job. e. Herramienta de línea de comandos para crear componentes APX. En APX, el ENTORNO LOCAL se reﬁere al entorno donde los desarrolladores pueden probar y depurar sus transacciones y jobs antes de desplegarlos a entornos de integración o producción.
Java.pdf	java/Java.pdf	126b	APX	pág 199 (sin número propio: va tras la respuesta de la #126)	¿Cuál de las siguientes afirmaciones describe mejor un Step en el contexto de Spring Batch? a. Una clase que gestiona la configuración de la base de datos utilizada por un trabajo por lotes. b. Una interfaz que define los métodos para realizar operaciones CRUD en los datos del trabajo por lotes. c. Un objeto de dominio que encapsula una fase independiente y secuencial de un trabajo por lotes. d. Un componente que se encarga exclusivamente de la validación de datos en un trabajo por lotes.
Java.pdf	java/Java.pdf	127	Java	pág 199	¿Qué métodos de anulación (Override) son válidos para las siguientes clases? class Parent { void display() { System.out.println("Parent"); } } class Child extends Parent { // Override here } a. static void display() { System.out.println("Child"); } b. private void display() { System.out.println("Child"); } c. void display() { System.out.println("InChild"); } d. public void display() { System.out.println("Child"); } Para que un método sea válidamente sobrescrito (override) en Java, se deben cumplir estas reglas: 1. El método debe tener el mismo nombre, tipo de retorno y parámetros . 2. No puede reducir la visibilidad del método (por ejemplo, de public a protected ). 3. No puede ser static ni private , porque esos métodos no son heredables en el sentido de polimorﬁsmo. Analizando las opciones: ● a. static void display() ❌ No se puede sobrescribir un método estático. ● b. private voi
Java.pdf	java/Java.pdf	128	Java	pág 201	Which of the following class declarations is not correct? a. abstract class Person () b. ﬁnal class Person () c. class Person () d. abstract ﬁnal class Person () e. public abstract class Person () Analizando cada declaración en Java: ● a. abstract class Person () ❌ Incorrecto por los paréntesis () . La sintaxis correcta no lleva () . ● b. final class Person () ❌ Igual que arriba, los paréntesis no son válidos en la declaración de clase. ● c. class Person () ❌ Los paréntesis no son válidos al declarar una clase. ● d. abstract final class Person () ❌ Incorrecto por ser abstract y ﬁnal al mismo tiempo (no puede instanciarse ni heredarse) y por los paréntesis. ● e. public abstract class Person () ❌ Nuevamente, los paréntesis no son válidos en la declaración. En realidad, ninguna de estas declaraciones es correcta porque todas incluyen () en la declaración de la clase, lo cual es sintáct
Java.pdf	java/Java.pdf	129	Java	pág 202	Given the following code snippet, what will be the output of the program? String s1 = "text"; String s2 = new String("text"); String s3 = "text"; String s4 = s2.intern(); System.out.println(s1 == s3); System.out.println(s1 == s2); System.out.println(s1 == s4); a. false false true b. true true true c. true false false d. true false true Analicemos el código paso a paso: String s1 = "text"; // String literal → se guarda en el string pool String s2 = new String("text"); // Nueva instancia en heap, diferente del pool String s3 = "text"; // Misma literal que s1 → apunta al pool String s4 = s2.intern(); // Devuelve la referencia del string en el pool Ahora evaluamos las comparaciones con == (compara referencias): 1. s1 == s3 → true , ambos apuntan al mismo objeto en el string pool. 2. s1 == s2 → false , s2 apunta a un objeto diferente en el heap. 3. s1 == s4 → true , s4 es el string inte
Java.pdf	java/Java.pdf	130	Java	pág 203	Which method in java.lang.Object should be overridden if the hashcode() method is overridden? a. clone() b. compareTo() c. copy() d. equals() e. sort() En Java, existe una regla fundamental : si sobrescribes el método hashCode() , también debes sobrescribir equals() . Esto asegura que los objetos que son considerados iguales por equals() tengan el mismo valor de hash, lo cual es esencial para colecciones como HashMap y HashSet .
Java.pdf	java/Java.pdf	131	Java	pág 204	¿Cuál será el resultado de compilar y ejecutar el siguiente fragmento de código en Java? public class StaticBlockTest { static { System.out.println("Static block 1"); } { System.out.println("Instance block 1"); } public StaticBlockTest() { System.out.println("Constructor"); } static { System.out.println("Static block 2"); } { System.out.println("Instance block 2"); } public static void main(String[] args) { new StaticBlockTest(); new StaticBlockTest(); } } Opción a: Static block 1 Static block 2 Instance block 1 Constructor Instance block 2 Instance block 1 Constructor Instance block 2 Opción b: Error de compilación. Opción c: Static block 1 Static block 2 Instance block 1 Instance block 2 Constructor Instance block 1 Instance block 2 Constructor Opción d: Instance block 1 Instance block 2 Constructor Instance block 1 Instance block 2 Constructor Static block 1 Static block 2 a
Java.pdf	java/Java.pdf	132	Herramientas/general	pág 208	¿Cuál es el comando en Bash para cambiar el directorio actual a uno especificado? a. goto b. cd c. move d. sh e. chdir La instrucción correcta para cambiar el directorio en Bash es: cd (change directory). Por ejemplo: cd /home/usuario/documentos Respuesta correcta: b
Java.pdf	java/Java.pdf	133	Java	pág 209	Which three of the following options are considered bad practices in software development in Java? a. Ignoring exceptions instead of handling them properly. b. Using empty and undocumented catch blocks. c. Duplicating code. d. Not testing code that is diﬃcult to unit test. e. Using proper naming conventions. Las tres opciones que representan malas prácticas en desarrollo de software en Java son: a. Ignoring exceptions instead of handling them properly. ● Ignorar excepciones puede ocultar errores y causar fallos difíciles de diagnosticar. b. Using empty and undocumented catch blocks. ● Bloques catch vacíos dejan errores sin tratar y diﬁcultan el mantenimiento del código. c. Duplicating code. ● La duplicación de código reduce la mantenibilidad y aumenta la probabilidad de errores. Las otras opciones d y e no son malas prácticas: ● d : “Not testing code that is diﬃcult to unit test” es
Java.pdf	java/Java.pdf	134	Java	pág 210	¿Qué clase puede proveer las siguientes capacidades?: no permitir valores duplicados, mantener el orden en el cual los elementos fueron insertados, proveer iteración rápida y acceso aleatorio eficiente. a. TreeSet b. LinkedHashSet c. HashSet d. ArrayList e. LinkedHashMap La descripción dada combina varias características: ● No permitir valores duplicados: esto lo hacen las colecciones tipo Set . ● Mantener el orden de inserción: esto lo hace LinkedHashSet (a diferencia de HashSet , que no garantiza orden). ● Iteración rápida y acceso aleatorio eﬁciente: LinkedHashSet permite iteración predecible y relativamente eﬁciente, aunque acceso aleatorio directo ( get(index) ) no es tan eﬁciente como en un List . Por lo tanto, la clase que mejor cumple con estos requisitos es: Respuesta correcta: b. LinkedHashSet
Java.pdf	java/Java.pdf	135	Java	pág 210	¿Cuántas veces se ejecutará la instrucción println más interna en el siguiente código? public class NestedForLoopTest { public static void main(String[] args) { for (int i = 0; i < 4; i++) { for (int j = 0; j < 3; j++) { for (int k = 0; k < 2; k++) { System.out.println("Hello"); } } } } } a. 6 veces b. 12 veces c. 24 veces d. 36 veces Para calcular cuántas veces se ejecuta la instrucción println más interna, multiplicamos las iteraciones de los tres bucles anidados: ● i de 0 a 3 → 4 iteraciones ● j de 0 a 2 → 3 iteraciones ● k de 0 a 1 → 2 iteraciones Total de ejecuciones: 4 × 3 × 2 = 24 Respuesta correcta: c. 24 veces
Java.pdf	java/Java.pdf	136	Java	pág 212	Given: interface I { void method(); } public class C implements I { // method declarations } Which method can be declared within the C class to make it compile? a. public abstract void method(); b. protected abstract void method() { } c. private void method() {} d. void method() {} e. None of the options is valid.
Java.pdf	java/Java.pdf	137	APX	pág 212	¿Cuál de las siguientes opciones es verdadera acerca de Spring Batch? a. Marco de trabajo basado en jobs y steps. b. Es una abstracción que representa la salida de un Step. c. Es una abstracción que representa la recuperación de la entrada de un Step. d. Es una abstracción que representa el procesamiento comercial de un Item. e. Marco de trabajo para lotes diseñado para permitir el desarrollo de aplicaciones por lotes.
Java.pdf	java/Java.pdf	138	Java	pág 213	Dado el siguiente código: import java.util.function.Predicate; class Foo { int i; Foo(int i) { this.i = i; } } public class Test { static boolean compare(Foo foo, Predicate<Foo> predicate) { return predicate.test(foo); } public static void main(String[] args) { Predicate<Foo> p = f -> f.i > 0; // line 1 p = p.or(f -> f.i > 0).and(f -> f.i < 0); // line 2 boolean b = compare(new Foo(1), p); // line 3 System.out.println(b); } } ¿Cuál será la salida del código anterior? a. Compilación falla en la línea 1. b. Compilación falla en la línea 3. c. true d. false e. Compilación falla en la línea 2. Analicemos cuidadosamente el código paso a paso: 1. Se deﬁne la clase Foo con un atributo int i . 2. En main , se crea un Predicate<Foo> : Predicate<Foo> p = f -> f.i > 0; // line 1 Esto es válido.
Java.pdf	java/Java.pdf	139	Java	pág 215	public class Test { public static void main(String... arguments) { final char a = 'A', d = 'D'; char grade = 'B'; switch (grade) { case a: case 'B': System.out.print("B"); case 'C': System.out.print("C"); break; case d: case 'F': System.out.print("F"); } } } a. B b. Compilation fails c. C d. A e. AC f. BC Analicemos el código paso a paso: 1. Se deﬁnen variables ﬁnales a = 'A' y d = 'D' .
Java.pdf	java/Java.pdf	140	Java	pág 218	public class Test { String value = "A"; { value += "B"; } { value += "C"; } public Test() { value += "x"; } public Test(String s) { value += s; } public static void main(String[] args) { Test m = new Test("M"); m = new Test(); System.out.println(m.value); } } a. ABCXM b. ABCMABCB c. ABCM d. ABCX e. An exception is thrown f. the code does not compile Analicemos paso a paso la ejecución del código: 1. La clase Test tiene un campo value inicializado como "A" . 2. Hay dos bloques de inicialización de instancia: { value += "B"; } { value += "C"; } Estos bloques se ejecutan antes del constructor , en el orden en que aparecen. 3. Constructores: public Test() { value += "x"; } public Test(String s) { value += s; } 4. En main : Test m = new Test("M"); ● Se ejecuta el constructor Test(String s) . ● Pasos de inicialización: 1. value = "A" 2. Primer bloque: value += "B" → "AB" 3. Segundo blo
Java.pdf	java/Java.pdf	141	Java	pág 221	Which statement is true about the following code? abstract class Shape { public abstract void draw(); public void printShape() { System.out.println("This is a shape"); } } class Circle extends Shape { @Override public void draw() { System.out.println("Drawing a circle"); } } public class Test { public static void main(String[] args) { Circle circle = new Circle(); circle.draw(); circle.printShape(); } } a. The program will print "Drawing a circle" followed by "This is a shape". b. Compilation error because the Shape class is abstract. c. The program will print "This is a shape" followed by "Drawing a circle". d. Compilation error because the Circle class does not implement the draw method. Let's analyze the code: 1. Shape is an abstract class with: ○ An abstract method draw() ○ A concrete method printShape() 2. Circle extends Shape and overrides draw() correctly. 3. In main , we c
Java.pdf	java/Java.pdf	142	APX	pág 223	¿Cuál es un antipatrón de Binary Large Object (BLOB)? Una librería compuesta de sola clase con gran cantidad de funcionalidad. “The Blob” normalmente es muy complicada de reutilizar y probar, por lo cual, la solución es realizar un “refactoring” del rediseño entre las librerías involucradas. La opción correcta es: Una librería compuesta de sola clase con gran cantidad de funcionalidad. Este es un antipatrón BLOB porque concentra demasiada responsabilidad en una sola clase, lo que la hace difícil de mantener, reutilizar y probar. La recomendación es refactorizar la clase, distribuyendo la funcionalidad en varias clases más cohesivas.
Java.pdf	java/Java.pdf	143	Java	pág 224	Which of the following code snippets will result in a compilation error when implementing the Vehicle interface? interface Vehicle { void start(); void stop(); } Opción a: public class Scooter implements Vehicle { public void start() { System.out.println("Scooter starts"); } public void stop() { System.out.println("Scooter stops"); } } Opción b: public class Bike implements Vehicle { public void start() { System.out.println("Bike starts"); } void stop() { System.out.println("Bike stops"); } } Opción c: public class Truck implements Vehicle { public void start() { System.out.println("Truck starts"); } public void stop() { System.out.println("Truck stops"); } public void load() { System.out.println("Truck loads"); } } Opción d: public class Car implements Vehicle { public void start() { System.out.println("Car starts"); } public void stop() { System.out.println("Car stops"); } } O
Java.pdf	java/Java.pdf	144	Java	pág 227	¿Cuál de los siguientes fragmentos de código implementa correctamente Comparator para ordenar una lista de objetos Person por su edad? import java.util.Comparator; class Person { private String name; private int age; public Person(String name, int age) { this.name = name; this.age = age; } public int getAge() { return age; } public String getName() { return name; } } Opción a) import java.util.Comparator; public class AgeComparator implements Comparator<Person> { @Override public int compare(Person p1, Person p2) { return p1.getAge() - p2.getAge(); } } Opción b) import java.util.Comparator; public class AgeComparator implements Comparator<Person> { @Override public int compare(Person p1, Person p2) { return p1.getName().compareTo(p2.getName()); } } Opción c) import java.util.Comparator; public class AgeComparator implements Comparator<Person> { @Override public int compare(Perso
Java.pdf	java/Java.pdf	145	Java	pág 230	public class Test { ___ doMath (long l, short s) { return s / (l * 10); } } What is the narrowest valid return type for the calculate Method? a. ﬂoat b. short c. int d. long e. double f. byte The expression in the method is: s / (l * 10) ● s is short , l is long , and 10 is an int literal. ● l * 10 → long × int = long ● s / (l * 10) → short / long = long (the result of dividing a smaller type by a long is promoted to long). So the narrowest valid return type is: d. long
Java.pdf	java/Java.pdf	146	Java	pág 231	In Java, which class is the superclass of all errors and exceptions? a. Object b. RuntimeException c. Exception d. Error e. Throwable In Java, both exceptions and errors are subclasses of the Throwable class. ● Exception and Error both extend Throwable . ● Object is the root of all classes but not speciﬁcally for errors/exceptions. ● RuntimeException is a subclass of Exception .
Java.pdf	java/Java.pdf	147	APX	pág 231	Todo el acceso a los datos debe estar encapsulado en una biblioteca para facilitar la reutilización y el control de acceso verdadero Falso La aﬁrmación es
Java.pdf	java/Java.pdf	148	Java	pág 232	¿Cuál es la característica que comparten Array y Arraylist? Pueden almacenar valores nulos. Ambos procesos ocurren en tiempo constante. Es posible que tengan valores duplicados. Array y ArrayList no garantizan la presencia de elementos ordenados. La característica que sí comparten tanto un Array como un ArrayList en Java es:
Java.pdf	java/Java.pdf	149	Java	pág 233	abstract class Animal { void speak() { System.out.println("Animals make noise"); } public static void main(String[] args) { Animal animal = new Dog(); animal.speak(); } } class Dog extends Animal { protected void speak() { System.out.println("The Dog barks"); } } public class Test { public static void main(String... strings) { Animal.main(strings); } } a. Animals make noise b. A runtime exception is thrown c. Compilation fails d. The Dog barks
Java.pdf	java/Java.pdf	150	Java	pág 234	¿Cuál será el resultado del siguiente fragmento de código? public class OverloadedConstructorsTest { private String name; private int age; public OverloadedConstructorsTest() { this("Unknown", 0); System.out.println("Default constructor called"); } public OverloadedConstructorsTest(String name) { this(name, 0); System.out.println("Constructor with name called"); } public OverloadedConstructorsTest(String name, int age) { this.name = name; this.age = age; System.out.println("Constructor with name and age called"); } public static void main(String[] args) { OverloadedConstructorsTest obj1 = new OverloadedConstructorsTest(); OverloadedConstructorsTest obj2 = new OverloadedConstructorsTest("Alice"); OverloadedConstructorsTest obj3 = new OverloadedConstructorsTest("Bob", 30); } } Opción a: Default constructor called Constructor with name and age called Constructor with name called Con
Java.pdf	java/Java.pdf	151	Herramientas/general	pág 239	¿Cuál de las siguientes opciones es una herramienta de comprensión y gestión de proyectos basada en el concepto de modelo de objetos de proyecto (POM)? a. Git b. IDE c. Artifactory d. Maven e. Docker La respuesta correcta es: d. Maven
Java.pdf	java/Java.pdf	152	Java	pág 240	import java.util.Arrays; import java.util.Comparator; class SortLongs implements Comparator<Long> { @Override public int compare(Long a, Long b) { return b.compareTo(a); } } public class Test { public static void main(String[] args) { Long[] values = {20L, 70L, 50L, 30L}; SortLongs sort = new SortLongs(); Arrays.sort(values, sort); System.out.println(Arrays.toString(values)); } } What is the result? a. An ArrayIndexOutOfBoundsException is thrown. b. [20, 70, 50, 30] c. [20, 30, 50, 70] d. [70, 50, 30, 20] e. Compilation fails. La clave está en analizar el Comparator : @Override public int compare(Long a, Long b) { return b.compareTo(a); } ● b.compareTo(a) → ordena en orden descendente (el mayor va primero). ● El arreglo inicial es: {20L, 70L, 50L, 30L} . ● Después de aplicar Arrays.sort(values, sort) , el resultado será: [70, 50, 30, 20]
Java.pdf	java/Java.pdf	153	Java	pág 242	public class NestedForLoopTest { public static void main(String[] args) { int[][] matrix = { {1, 2, 3}, {4, 5, 6}, {7, 8, 9} }; for (int i = 0; i < matrix.length; i++) { for (int j = 0; j < matrix[i].length; j++) { if (i == j) { System.out.print(matrix[i][j] + " "); } } } } } a. 147 b. 123456789 c. 159 d. 159246837 Vamos a analizarlo 👇 El código: int[][] matrix = { {1, 2, 3}, {4, 5, 6}, {7, 8, 9} }; for (int i = 0; i < matrix.length; i++) { for (int j = 0; j < matrix[i].length; j++) { if (i == j) { System.out.print(matrix[i][j] + " "); } } } Paso a paso: ● El if (i == j) imprime solo los elementos de la diagonal principal de la matriz. ● La matriz es: 1 2 3 4 5 6 7 8 9 ● Elementos con i == j : ○ matrix[0][0] = 1 ○ matrix[1][1] = 5 ○ matrix[2][2] = 9 Salida: 1 5 9
Java.pdf	java/Java.pdf	154	Herramientas/general	pág 245	En el contexto de Maven. ¿Cuál es la función principal del archivo settings.xml? a. Ninguna opción es correcta. b. Conﬁgurar la información del repositorio local y remoto, así como las credenciales y perﬁles de usuario. c. Especiﬁcar las dependencias del proyecto. d. Deﬁnir la estructura de directorios del proyecto. e. Generar informes de construcción y documentación. En Maven , el archivo settings.xml no es parte del proyecto , sino de la conﬁguración de Maven en la máquina local (ubicado típicamente en ~/.m2/settings.xml ). Su función principal es: ● Deﬁnir el repositorio local . ● Conﬁgurar repositorios remotos adicionales. ● Guardar credenciales (usuario/contraseña) para repositorios privados. ● Conﬁgurar perﬁles de usuario (que permiten personalizar el comportamiento de Maven para distintos entornos).
Java.pdf	java/Java.pdf	155	Java	pág 246	abstract class Animal { private void speak() { System.out.println("Animals make noise"); } public static void main(String[] args) { Animal animal = new Dog(); animal.speak(); } } class Dog extends Animal { protected void speak() { System.out.println("The Dog barks"); } } public class Test { public static void main(String... strings) { Animal.main(strings); } } a. Animals make noise b. Compilation fails. c. The Dog barks d. A runtime exception is thrown. Vamos a analizar el código paso a paso 👇 Código: abstract class Animal { private void speak() { System.out.println("Animals make noise"); } public static void main(String[] args) { Animal animal = new Dog(); animal.speak(); } } class Dog extends Animal { protected void speak() { System.out.println("The Dog barks"); } } public class Test { public static void main(String... strings) { Animal.main(strings); } } Puntos importantes: 1.
Java.pdf	java/Java.pdf	156	Java	pág 249	¿Cuál de las siguientes afirmaciones sobre la palabra clave throw es verdadera? a. Se utiliza para detectar excepciones generadas por otros métodos. b. Se utiliza para declarar que un método puede generar una excepción. c. Se utiliza para deﬁnir el código de limpieza que se debe ejecutar. d. Se utiliza para generar una excepción manualmente. La pregunta es sobre la palabra clave throw en Java. Opciones: a. ❌ Se utiliza para detectar excepciones generadas por otros métodos. 👉 Eso lo hace try-catch , no throw . b. ❌ Se utiliza para declarar que un método puede generar una excepción. 👉 Eso lo hace throws , no throw . c. ❌ Se utiliza para definir el código de limpieza que se debe ejecutar. 👉 Eso lo hace finally . d.
Java.pdf	java/Java.pdf	157	Java	pág 250	¿Cuál de las siguientes anotaciones es verdadera acerca de la siguiente jerarquía de clases? class Vehicle { String type = "Vehicle"; } class Car extends Vehicle { String type = "Car"; } class ElectricCar extends Car { String type = "ElectricCar"; } a) ElectricCar myCar = new ElectricCar(); System.out.println(myCar.type); // Salida: ElectricCar b) Car myCar = new ElectricCar(); System.out.println(myCar.type); // Salida: Vehicle c) ElectricCar myCar = new ElectricCar(); System.out.println(myCar.type); // Salida: Vehicle d) ElectricCar myCar = new ElectricCar(); System.out.println(myCar.type); // Salida: Car En Java, las variables de instancia no se polimorfizan . Esto significa que el tipo de referencia determina qué campo se accede , no el tipo del objeto en tiempo de ejecución. Solo los métodos se comportan de forma polimórfica. Veamos las opciones: class Vehicle { String type = "
Java.pdf	java/Java.pdf	158	Java	pág 252	Which of the following statements correctly identifies checked and unchecked exceptions in Java? a. SQLException is an unchecked exception, and ArrayIndexOutOfBoundsException is a checked exception. b. IOException is a checked exception, and NullPointerException is an unchecked exception. c. RuntimeException is a checked exception, and FileNotFoundException is an unchecked exception. d. ArithmeticException is a checked exception, and ClassNotFoundException is an unchecked exception. La distinción clave en Java es: ● Checked exceptions : Deben ser declaradas o capturadas ( try-catch ) en tiempo de compilación. Ejemplo: IOException , SQLException . ● Unchecked exceptions : No requieren declaración ni captura, ocurren en tiempo de ejecución. Generalmente son subclases de RuntimeException . Ejemplo: NullPointerException , ArrayIndexOutOfBoundsException . Analizando las opciones: ● a. I
Java.pdf	java/Java.pdf	159	APX	pág 254	¿Cuáles de las siguientes opciones son verdaderas acerca de APX? a. Ayuda a aumentar el uso de Mainframe. b. Ninguna opción es correcta. c. Ofrece una alternativa conﬁable para el desarrollo de transacciones no acopladas al canal. d. Biblioteca de métodos para crear un punto de contacto entre las tecnologías Frontend y Backend. e. Extensión de la Arquitectura Backend que brinda las mismas capacidades en el mundo distribuido Analizando las opciones: ● a. Incorrecta. APX no tiene como objetivo principal aumentar el uso de Mainframe. ● b. Incorrecta. Sí existen opciones correctas. ● c.
Java.pdf	java/Java.pdf	160	APX	pág 254	¿Cuáles son los tipos de componentes en APX batch? a. Librerías b. Jobs c. Todas las opciones son correctas d. DTOs e. Transacciones
Java.pdf	java/Java.pdf	161	Java	pág 255	What is the output of the following program? public class Test { public static void main(String[] args) { int x = 0; while (x++ < 5) { } String message = x > 5 ? "greater than" : "smaller than"; System.out.println(message + " - " + x); } } a. smaller than - 6 b. greater than - 6 c. smaller than - 5 d. Compilation fails. e. greater than - 5 Let's analyze the code carefully: int x = 0; while (x++ < 5) { // empty loop } 1. x starts at 0. 2. The condition x++ < 5 uses the post-increment , meaning the comparison uses the current value of x before incrementing. ○ Iteration 1: 0 < 5 → true → x becomes 1 ○ Iteration 2: 1 < 5 → true → x becomes 2 ○ Iteration 3: 2 < 5 → true → x becomes 3 ○ Iteration 4: 3 < 5 → true → x becomes 4 ○ Iteration 5: 4 < 5 → true → x becomes 5 ○ Iteration 6: 5 < 5 → false → loop exits → x is incremented to 6 After the loop, x = 6 . String message = x > 5 ? "greate
Java.pdf	java/Java.pdf	162	Java	pág 257	public class Test implements Runnable { boolean flag = true; @Override public synchronized void run() { if (flag) { flag = false; System.out.print("1 "); try { this.wait(); } catch (Exception e) { } System.out.print("2 "); } else { flag = true; System.out.print("3 "); try { Thread.sleep(2000); } catch (Exception e) { } System.out.print("4 "); notify(); } } public static void main(String[] args) { Test w = new Test(); new Thread(w).start(); new Thread(w).start(); } } Which of the following will be the output? a. The code outputs 1 3 4. b. The code outputs 1 2 3 4. c. The code outputs 3 4 1. d. The code outputs 1 3 4 2. e. The code never completes. f. The code runs to completion.
Java.pdf	java/Java.pdf	163	Java	pág 259	¿Cuáles son palabras reservadas para manejo de excepciones en Java? a. throw & throws b. Error, Exception, RuntimeException, Throwable c. ﬁnal, static, catch, throws d. try, catch, ﬁnally, throw, throws e. try, catch, ﬁnal, throw, throws La respuesta correcta es: d. try, catch, ﬁnally, throw, throws
Java.pdf	java/Java.pdf	164	Java	pág 260	¿Cuál de las siguientes implementaciones de código utiliza correctamente una clase genérica en Java? a) public class Box { private Object value; public Box(Object value) { this.value = value; } public Object getValue() { return value; } } b) public class Box { private int value; public Box(int value) { this.value = value; } public int getValue() { return value; } } c) public class Box<T extends Number> { private T value; public Box(T value) { this.value = value; } public T getValue() { return value; } } d) public class Box<T> { private T value; public Box(T value) { this.value = value; } public T getValue() { return value; } } a) b) c) d)
Java.pdf	java/Java.pdf	165	APX	pág 263	¿Cuál de las siguientes opciones son capacidades ofrecidas en APX? a. Todas las opciones son correctas. b. Procesamiento transaccional. c. Procesamiento Batch. d. Cold Deployment. e. Sin integración con servicios de seguridad. La respuesta correcta es: b. Procesamiento transaccional y c. Procesamiento Batch . Justiﬁcación: ● APX ofrece procesamiento transaccional y procesamiento por lotes (Batch) para gestionar operaciones de manera eﬁciente tanto en línea como en procesos masivos. ● No todas las opciones listadas son capacidades de APX: ○ Cold Deployment no es una característica especíﬁca de APX. ○ Sin integración con servicios de seguridad no es una capacidad, sino más bien una limitación, y APX sí puede integrarse con mecanismos de seguridad según la implementación. Por lo tanto, la opción a. Todas las opciones son correctas sería incorrecta .
Java.pdf	java/Java.pdf	166	Java	pág 263	hat will happen when you try to compile the following code? class Parent { protected void show() { System.out.println("Parent show"); } } class Child extends Parent { @Override void show() { System.out.println("Child show"); } } public class Test { public static void main(String[] args) { Child child = new Child(); child.show(); } } a. It will print "Parent show". b. It will print "Child show". c. Compilation error. d. It will print "Parent show" followed by "Child show". The correct answer is: c. Compilation error.
Java.pdf	java/Java.pdf	167	APX	pág 265	¿Cuáles de las siguientes opciones son archivos configurados por APX CLI al agregar JDBC Utility? a. library-arc-osgi.xml b. library-arc.xml c. conﬁg.xml d. settings.xml e. pom.xml
Java.pdf	java/Java.pdf	168	APX	pág 265	Con la "APX Operation Console", sólo se pueden ver grafos de dependencias para las librerías. Seleccione una: Verdadero Falso Falso
Java.pdf	java/Java.pdf	169	APX	pág 266	¿Cual opción es verdadera acerca de "APX Operation Console"? a. Herramienta web que proporciona a los desarrolladores y administradores gestionar la conﬁguración, veriﬁcación de componentes de la aplicación o busqueda de jobs ejecutados o en ejecución b. Herramienta de línea de comandos para inicializar proyectos de tipo APX. c. Herramienta para administrar las dependencias de un proyecto APX. d. Herramienta para agregar los parámetros de entrada y salida de una transacción o job APX. e. Ninguna opción es correcta. La opción correcta es: a. Herramienta web que proporciona a los desarrolladores y administradores gestionar la conﬁguración, veriﬁcación de componentes de la aplicación o búsqueda de jobs ejecutados o en ejecución
Java.pdf	java/Java.pdf	170	APX	pág 267	¿Cuáles son los tipos de componentes en APX? a. Librerías b. Jobs c. Todas las opciones son correctas d. DTOs e. Transacciones La respuesta correcta es: c. Todas las opciones son correctas
Java.pdf	java/Java.pdf	171	Herramientas/general	pág 267	¿Qué significa que un cambio en el software sea retrocompatible? a. El cambio garantiza que el software siga funcionando sin necesidad de modiﬁcaciones en el código que depende de él. b. El cambio puede romper la funcionalidad existente, requiriendo ajustes en el código que depende del software. c. El cambio corrige errores menores y realiza mejoras de rendimiento. d. El cambio introduce nuevas funcionalidades que no afectan el comportamiento existente del software. La respuesta correcta es: a. El cambio garantiza que el software siga funcionando sin necesidad de modiﬁcaciones en el código que depende de él.
Java.pdf	java/Java.pdf	172	Herramientas/general	pág 268	¿Qué comando en Bash se utiliza para copiar archivos de un lugar a otro? a. copy b. mv c. cp d. zip e. duplicate La respuesta correcta es: c. cp
Java.pdf	java/Java.pdf	173	Herramientas/general	pág 269	¿Cuál es el propósito principal de un objeto de transferencia de datos (DTO) en el diseño de software? a. Encapsular la lógica empresarial dentro de la aplicación. b. Transferir datos entre diferentes capas o niveles de una aplicación. c. Manejar operaciones de base de datos directamente. d. Proporcionar una interfaz de usuario para la entrada de datos. La respuesta correcta es: b. Transferir datos entre diferentes capas o niveles de una aplicación.
Java.pdf	java/Java.pdf	174	APX	pág 269	¿Cuál es la función principal de JobRepository en Spring Batch? a. Conﬁgurar y gestionar los recursos necesarios para la ejecución de un trabajo. b. Proporcionar un mecanismo de persistencia para todas las operaciones CRUD relacionadas con JobLauncher, Job y Step. c. Ejecutar los trabajos (Jobs) en paralelo para mejorar el rendimiento. d. Realizar la validación de los datos antes de procesarlos en un trabajo. La respuesta correcta es: b. Proporcionar un mecanismo de persistencia para todas las operaciones CRUD relacionadas con JobLauncher, Job y Step.
Java.pdf	java/Java.pdf	175	Java	pág 270	class Ot { enum Colors { RED, GREEN, BLUE, YELLOW, BLACK }; } public class Test { public static void main(String[] String) { for (Ot.Colors c : Ot.Colors.values()) { if (Ot.Colors.RED.equals(c)) { System.out.print("red "); } if (c == Ot.Colors.GREEN) { System.out.print("green "); } if (c.equals("BLUE")) { System.out.print("blue "); } } } } What is the result? a. red blue b. green blue c. red green blue d. red green e. An exception is thrown at runtime. f. Compilation fails. La respuesta correcta es: d. red green
Java.pdf	java/Java.pdf	176	APX	pág 272	¿Cuál es el archivo generado por el comando 'apx config'? a. settings.yaml b. conﬁg.xml c. pom.xml d. settings.xml e. conﬁg.yaml
Java.pdf	java/Java.pdf	177	APX	pág 272	¿Cuál es la nomenclatura correcta para un componente de tipo transacción? a. TESTT001-01-MX b. TESTT001-MX-01 c. TESTTT01-MX-01 d. TEST01-001-MX La respuesta correcta es: a. TESTT001-01-MX
Java.pdf	java/Java.pdf	178	Java	pág 273	Which of the following are valid ways to initialize an array in Java? a. int[] arr = (1, 2, 3); b. int[] arr = {1, 2, 3}; c. int[] arr = new int[] {1, 2, 3}; d. int[] arr = new int[3]; The valid ways to initialize an array in Java are: b. int[] arr = {1, 2, 3};
Java.pdf	java/Java.pdf	179	APX	pág 274	¿Cuál es la nomenclatura y la ruta de creación de un archivo que sigue el formato [UUAA]T[CODE]-[VERSION]-[COUNTRY].xml en un proyecto? a. Ninguna opción es correcta. b. [CODE]T[UUAA]-[VERSION]-[COUNTRY].xml y se crea en la ruta src/main/java/. c. [UUAA]T[CODE]-[VERSION]-[COUNTRY].xmly se crea en la ruta src/main/resources/. d. [VERSION]-[UUAA]T[CODE]-[COUNTRY].xml y se crea en la ruta src/main/resources/. e. [COUNTRY]-[VERSION]-[CODE]T[UUAA].xml y se crea en la ruta src/test/resources/. La respuesta correcta es: c. [UUAA]T[CODE]-[VERSION]-[COUNTRY].xml y se crea en la ruta src/main/resources/ .
Java.pdf	java/Java.pdf	180	Java	pág 274	What are the types of exceptions in Java? a. Checked b. Unchecked c. Object d. All the options are correct. e. Throwable
Java.pdf	java/Java.pdf	181	Java	pág 275	Dado el siguiente código: interface Omega {} class Gamma {} class Epsilon extends Gamma implements Omega {} public class Test { public static void main(String[] args) { Gamma g = new Epsilon(); Omega o = (Omega) g; // Corrected line Epsilon e = (Epsilon) g; // Corrected line Omega m= e; } } ¿Cuál es el resultado de la ejecución del programa? a. An exception is thrown at runtime. b. No option is correct. c. Compilation fails. d. The code runs with no output. The correct answer is: d. The code runs with no output.
Java.pdf	java/Java.pdf	182	APX	pág 276	¿Cuáles son los protocolos físicos que admite en APX? a.SQL b.JMS c.Kermit d.REST e.HTTP
Java.pdf	java/Java.pdf	183	Java	pág 276	Which of the following are unchecked exceptions? a. ArrayIndexOutOfBoundsException b. IOException c. RuntimeException d. NumberFormatException e. IllegalArgumentException f. InterruptedException The unchecked exceptions in Java are those that inherit from RuntimeException . Checked exceptions must be declared in a throws clause, while unchecked exceptions do not. From the given options: ● ArrayIndexOutOfBoundsException
Java.pdf	java/Java.pdf	184	Herramientas/general	pág 277	¿Cual de las siguientes opciones de vida de Maven se encarga de compilar el código fuente del proyecto? a. compile b. package c. test d. validate La fase compile en el ciclo de vida de Maven se encarga de compilar el código fuente del proyecto . ● compile: Compila el código fuente principal del proyecto. ● package: Empaqueta el proyecto compilado en un formato distribuible, como JAR o WAR. ● test: Ejecuta las pruebas unitarias del proyecto. ● validate: Valida que el proyecto esté correctamente conﬁgurado y que toda la información necesaria esté disponible. Respuesta: a. compile
Java.pdf	java/Java.pdf	185	Java	pág 278	¿Cuál de las siguientes herramientas incluidas en el JDK se utiliza para monitorear y gestionar aplicaciones? a. VM b. javac c. jar d. jconsole e. java La herramienta correcta es jconsole . ● jconsole : Es una herramienta incluida en el JDK que permite monitorear y gestionar aplicaciones Java en tiempo de ejecución , incluyendo uso de memoria, hilos y CPU, mediante JMX (Java Management Extensions). ● javac : Compila código fuente Java. ● jar : Empaqueta archivos en un archivo JAR. ● java : Ejecuta aplicaciones Java. ● VM : No es una herramienta especíﬁca del JDK. Respuesta: d. jconsole
Java.pdf	java/Java.pdf	186	Herramientas/general	pág 279	¿Cuál de las siguientes herramientas proporciona análisis de calidad del código, detectando errores, vulnerabilidades y malas prácticas en el código fuente? a. Bitbucket b. Jenkins c. Jira d. SonarQube e. Artifactory La herramienta correcta es SonarQube . ● SonarQube : Proporciona análisis de calidad del código , detectando errores, vulnerabilidades, “code smells” y malas prácticas en proyectos de software. ● Bitbucket : Sistema de control de versiones basado en Git. ● Jenkins : Herramienta de integración continua y automatización de builds. ● Jira : Plataforma de gestión de proyectos y seguimiento de incidencias. ● Artifactory : Repositorio de artefactos y gestión de dependencias. Respuesta: d. SonarQube
Java.pdf	java/Java.pdf	187	Java	pág 279	Dado el siguiente código: interface I { void method(); } public class C implements I { // declaraciones de métodos } ¿Qué método puede ser declarado dentro de la clase C para que compile? a. protected abstract void method() { } b. private void method() { } c. public abstract void method(); d. Ninguna de las opciones. e. void method() { }
Java.pdf	java/Java.pdf	188	Java	pág 280	¿Cuál de los siguientes métodos de Mockito se utilizan conjuntamente para definir el comportamiento de un mock cuando se llama a un método específico? a. doReturn() b. Ninguna opción es correcta. c. doThrow() d. when() & thenReturn() e. verify() En Mockito , para deﬁnir el comportamiento esperado de un mock al llamar a un método especíﬁco, se utiliza la combinación de when() y thenReturn() (o thenThrow() , según corresponda). Ejemplo: when(mockedList.get(0)).thenReturn("first"); ● when() indica qué método del mock estamos interceptando . ● thenReturn() indica qué valor debe devolver cuando se llame ese método. Otras opciones: ● doReturn() y doThrow() se usan en ciertos casos de métodos void o spies, pero no son la combinación estándar para métodos normales. ● verify() se usa para veriﬁcar que un método fue llamado, no para deﬁnir comportamiento. Respuesta correcta: d. when() & then
Java.pdf	java/Java.pdf	189	Java	pág 281	abstract class Animal { public void speak() { System.out.println("Animals make noise"); } public static void main(String[] args) { Animal animal = new Dog(); animal.speak(); } } class Dog extends Animal { protected void speak() { System.out.println("The Dog barks"); } } public class Test { public static void main(String... strings) { Animal.main(strings); } } a. Compilation fails. b. The Dog barks c. A runtime exception is thrown. d. Animals make noise La respuesta correcta es: a. Compilation fails.
Java.pdf	java/Java.pdf	190	Java	pág 283	Which of the following lines of code correctly appends a string to a StringBuilder object in Java? a. StringBuilder sb = new StringBuilder("Hello"); sb.add(" World"); b. StringBuilder sb = new StringBuilder("Hello"); sb.append(" World"); c. StringBuilder sb = "Hello"; sb += " World"; d. StringBuilder sb = new StringBuilder("Hello"); sb.insert(" World"); La respuesta correcta es: b.
Java.pdf	java/Java.pdf	191	Java	pág 283	The image shows a multiple-choice question about the java -jar command, which is used to execute Java programs packaged in JAR (Java Archive) files. The question asks which of the following statements about the command are true. The options are: a. The java -jar command can dynamically add libraries to the classpath using the -cp or -classpath options. b. The java -jar command ignores the CLASSPATH environment variable and command-line classpath settings. c. The java -jar command can execute a JAR ﬁle without specifying the main class if the JAR ﬁle contains multiple main classes. d. The java -jar command requires the JAR ﬁle to have a META-INF/MANIFEST.MF ﬁle specifying the main class. e. The java -jar command can only be used to execute JAR ﬁles that are executable JARs, i.e., those that contain the META-INF/MANIFEST.MF ﬁle with the Main-Class attribute. Las opciones correctas so
Java.pdf	java/Java.pdf	192	Java	pág 284	Which two statements are true? a. An interface cannot be extended by another interface. b. An interface can be extended by an abstract class. c. An abstract class cannot be extended by an abstract class. d. An abstract class can implement an interface. e. An abstract class can be extended by a concrete class. The correct options are: d and e
Java.pdf	java/Java.pdf	193	Java	pág 285	¿Cuál es el propósito principal de la anotación @Test en JUnit? a. Ninguna opción es correcta. b. Marcar un método como un método de prueba. c. Ejecutar un método antes de todos los métodos de prueba en una clase. d. Ejecutar un método después de todos los métodos de prueba en una clase. e. Ignorar un método de prueba. La respuesta correcta es: b. Marcar un método como un método de prueba.
Java.pdf	java/Java.pdf	194	Herramientas/general	pág 286	Una transacción es un conjunto de operaciones que se ejecutan como un solo elemento. Una transacción debe tener propiedades ACID. Verdadero Falso Verdadero
Java.pdf	java/Java.pdf	195	Herramientas/general	pág 286	¿Cuál es la rama principal de Gitflow en la que se integran las nuevas funcionalidades antes de lanzarlas a producción? a. feature b. release c. hotﬁx d. develop e. master
Java.pdf	java/Java.pdf	196	Herramientas/general	pág 287	¿Cuál de los siguientes comandos de Maven se utiliza para compilar un proyecto y crear un archivo JAR pero sin instalarlo en el repositorio local? a. mvn install b. mvn package c. mvn clean d. mvn compile Respuesta: b. mvn package
Java.pdf	java/Java.pdf	197	Herramientas/general	pág 287	Which design pattern allows you to compose objects into tree structures to represent part-whole hierarchies, letting clients treat individual objects and compositions uniformly? a. Builder b. Composite c. Singleton d. Abstract Factory e. Facade Respuesta: b. Composite
Java.pdf	java/Java.pdf	198	Herramientas/general	pág 288	¿Cuál es el significado del acrónimo CRUD en el contexto del desarrollo de aplicaciones? a. Create, Read, Update, Delete. b. Compile, Run, Update, Display. c. Connect, Retrieve, Upload, Download. d. Create, Retrieve, Upgrade, Delete. Respuesta: a. Create, Read, Update, Delete
Java.pdf	java/Java.pdf	199	Java	pág 289	import java.util.stream.Stream; import java.util.Objects; class Person { public String name; Person(String name) { this.name = name; } @Override public int hashCode() { return Objects.hash(name); } @Override public boolean equals(Object obj) { if (this == obj) return true; if (obj == null) return false; if (getClass() != obj.getClass()) return false; Person other = (Person) obj; return Objects.equals(name, other.name); } } public class Test { public static void main(String[] args) { Person p1 = new Person("John"); Person p2 = new Person("Jane"); Person p3 = new Person("Jane"); Person p4 = new Person("Mark"); Stream<Person> stream = Stream.of(p1, p2, p3, p4); long count = stream.filter(p -> p.name.startsWith("J")).distinct().count(); System.out.println(count); } } What will be the output of the above code? a. 2 b. A runtime exception is thrown c. 0 d. 3 e. 4 f. 1 g. Compilation f
Java.pdf	java/Java.pdf	200	Herramientas/general	pág 292	¿Cuál es la principal función de JFrog Artifactory en un entorno de desarrollo de software? a. Proporcionar un entorno de desarrollo integrado (IDE) para aplicaciones Java. b. Ofrecer un sistema de control de versiones para proyectos de software. c. Actuar como un servidor web para alojar sitios HTML y CSS. d. Gestionar y almacenar artefactos de software, como dependencias y bibliotecas, en un repositorio. La respuesta correcta es: d. Gestionar y almacenar artefactos de software, como dependencias y bibliotecas, en un repositorio.
Java.pdf	java/Java.pdf	201	Java	pág 292	Which of the following lines of code correctly defines the main method in a Java program? a. static void main(String args[]) {} b. public static int main(String[] args) {} c. public static void main(String... String) {} d. public static void main(String[] args) {} e. private static void main(String[] args) {}
Java.pdf	java/Java.pdf	202	Java	pág 293	hat will be the result of attempting to compile and run the following code snippet? public class RecursiveConstructorTest { private int value; public RecursiveConstructorTest() { this(10); System.out.println("No-argument constructor called"); } public RecursiveConstructorTest(int value) { this(); this.value = value; System.out.println("Constructor with int argument called: " + value); } public static void main(String[] args) { RecursiveConstructorTest obj = new RecursiveConstructorTest(); } } a. Compilation error due to recursive constructor calls. b. Runtime error due to inﬁnite recursion. c. No-argument constructor called. Constructor with int argument called: 10. d. Constructor with int argument called: 10. No-argument constructor called. La respuesta correcta es: a. Compilation error due to recursive constructor calls.
Java.pdf	java/Java.pdf	203	Java	pág 294	abstract class Vehicle { public abstract void start(); public void stop() { System.out.println("Vehicle stopped"); } } class Car extends Vehicle { @Override public void start() { System.out.println("Car started"); } } class Bike extends Vehicle { @Override public void start() { System.out.println("Bike started"); } } public class Test { public static void main(String[] args) { Vehicle car = new Car(); Vehicle bike = new Bike(); car.start(); car.stop(); bike.start(); bike.stop(); } } What will be the output of the following code? Car started Vehicle stopped Bike started Vehicle stopped Vehicle stopped Car started Vehicle stopped Bike started Bike started Vehicle stopped Car started Vehicle stopped Car started Vehicle stopped Vehicle stopped Bike started
Java.pdf	java/Java.pdf	204	APX	pág 296	¿Cuáles son los tipos de componentes en APX Online? a. Librerías b. Jobs c. Todas las opciones son correctas d. DTOs e. Transacciones
Java.pdf	java/Java.pdf	205	Herramientas/general	pág 296	¿Cuál es el patrón de diseño que permite a un objeto cambiar su estado interno? State Pattern Correcto.
Java.pdf	java/Java.pdf	206	Java	pág 297	Which two statements are true? a. A class that is abstract cannot be instantiated or turned into an object (instance). b. An interface cannot be extended by another interface. c. If a class has abstract methods, then it must be speciﬁed as an abstract class. d. An abstract class can be extended by an interface. Las dos aﬁrmaciones correctas son: a. A class that is abstract cannot be instantiated or turned into an object (instance).
Java.pdf	java/Java.pdf	207	Herramientas/general	pág 298	¿Cuál de las siguientes herramientas es la más adecuada para el seguimiento de problemas y la gestión de proyectos en entornos de desarrollo de software? a. Jenkins b. Jira c. Artifactory d. SonarQube e. Bitbucket La respuesta correcta es: b. Jira
Java.pdf	java/Java.pdf	208	APX	pág 299	¿Cuál es el objetivo de la clase abstracta de la transacción APX? a. Recuperar información de solicitud HTTP. b. Agregar parámetros del cuerpo de la respuesta. c. Todas las opciones son correctas. d. Unir las operaciones relacionadas con los parámetros de entrada y salida de la lógica de la transacción. e. Separar las operaciones relacionadas con los parámetros de entrada y salida de la lógica de la transacción.
Java.pdf	java/Java.pdf	209	Herramientas/general	pág 299	¿Cuál es el propósito del plugin maven-surefire-plugin y en qué etapa del ciclo de vida de Maven se ejecuta principalmente? a. Instalar el artefacto en el repositorio local durante la etapa 'install'. b. Empaquetar el proyecto durante la etapa 'package'. c. Ejecutar pruebas unitarias durante la etapa de 'test'. d. Generar la documentación del proyecto durante la etapa de 'site'. La respuesta correcta es: c. Ejecutar pruebas unitarias durante la etapa de 'test'.
Java.pdf	java/Java.pdf	210	Herramientas/general	pág 300	¿Cuál es el propósito principal de OSGi (Open Service Gateway Initiative) en el desarrollo de software moderno? a. Gestionar dependencias y permitir el despliegue dinámico de módulos en aplicaciones Java. b. Proporcionar un entorno de desarrollo integrado (IDE) para aplicaciones Java. c. Servir como un sistema de control de versiones para proyectos de software. d. Actuar como un servidor de aplicaciones para ejecutar aplicaciones empresariales Java. La respuesta correcta es: a. Gestionar dependencias y permitir el despliegue dinámico de módulos en aplicaciones Java.
Java.pdf	java/Java.pdf	211	Java	pág 300	¿Cuál será el resultado del siguiente fragmento de código? class Animal { public void makeSound() { System.out.println("Animal sound"); } } class Dog extends Animal { @Override public void makeSound() { System.out.println("Bark"); } } public class Test { public static void main(String[] args) { Animal myDog = new Dog(); myDog.makeSound(); } } a. Animal sound b. Error de ejecución c. Error de compilación d. Bark La respuesta correcta es: d. Bark
Java.pdf	java/Java.pdf	212	Java	pág 302	What are the modifiers that can precede a toplevel class declaration? a. protected b. abstract c. strictfp d. static e. private f. public g. All the options are correct. h. ﬁnal The correct answers are: b. abstract c. strictfp f. public h. final
01 - Simulación APX V1.docx	java/01 - Simulación APX V1.docx	1	APX	Pregunta 1	¿Qué es el APX CLI?
01 - Simulación APX V1.docx	java/01 - Simulación APX V1.docx	2	Java	Pregunta 2	public class Test { public static void op1(String s) { s += new String("Java"); } public static void stringTest() { String msg = new String("Hello"); op1(msg); System.out.println(msg); } public static void main(String... String) { stringTest(); } } Cúal es el resultado?
01 - Simulación APX V1.docx	java/01 - Simulación APX V1.docx	3	Herramientas/general	Pregunta 3	¿Cuál de los siguientes componentes es parte de una solicitud HTTP?
01 - Simulación APX V1.docx	java/01 - Simulación APX V1.docx	4	APX	Pregunta 4	¿Cuál de los siguientes componentes de APX representa una entidad comercial en forma de un Bean?
01 - Simulación APX V1.docx	java/01 - Simulación APX V1.docx	5	Java	Pregunta 5	¿Cuáles de las siguientes excepciones deben ser chequeadas?
01 - Simulación APX V1.docx	java/01 - Simulación APX V1.docx	6	Java	Pregunta 6	¿Qué herramienta se utiliza para empaquetar clases de Java en un archivo JAR (Java Archive)?
01 - Simulación APX V1.docx	java/01 - Simulación APX V1.docx	7	APX	Pregunta 7	¿Cual es la consola para la configuración de la aplicación en APX Online?
01 - Simulación APX V1.docx	java/01 - Simulación APX V1.docx	8	Herramientas/general	Pregunta 8	¿Qué patrón de diseño es el más adecuado para garantizar que una clase tenga solo una instancia y proporciona un punto de acceso global a esta?
01 - Simulación APX V1.docx	java/01 - Simulación APX V1.docx	9	Java	Pregunta 9	¿Cuál es el tipo de retorno válido punto flotante más restringido para el método de cálculo?
01 - Simulación APX V1.docx	java/01 - Simulación APX V1.docx	10	Herramientas/general	Pregunta 10	¿Cuáles de los siguientes comandos de Git se utilizan para gestionar ramas en un repositorio? Selecciona todas las que correspondan
01 - Simulación APX V1.docx	java/01 - Simulación APX V1.docx	11	Java	Pregunta 11	public class Test { public static void main(String[] args) { String str = "a1b2c3d4e5f6"; String[] parts = str.split("\\D"); for (String part : parts) { System.out.print(part + " "); } } } ¿Que imprime en pantalla este código?
01 - Simulación APX V1.docx	java/01 - Simulación APX V1.docx	12	Java	Pregunta 12	¿Cual de las siguientes no es parte del framework de Java Collentions?
01 - Simulación APX V1.docx	java/01 - Simulación APX V1.docx	13	Java	Pregunta 13	¿Cuáles son los tipos de excepciones en Java?
01 - Simulación APX V1.docx	java/01 - Simulación APX V1.docx	14	APX	Pregunta 14	¿Cómo solucionamos un Blob?
01 - Simulación APX V1.docx	java/01 - Simulación APX V1.docx	15	Java	Pregunta 15	¿Cuál de las siguientes afirmaciones es correcta sobre la aserción assertEquals en JUnit?
01 - Simulación APX V1.docx	java/01 - Simulación APX V1.docx	16	APX	Pregunta 16	En JDBC APX cual es la cantidad máxima de resultados que permite obtener la consulta antes de que se deba de paginar?
01 - Simulación APX V1.docx	java/01 - Simulación APX V1.docx	17	Herramientas/general	Pregunta 17	¿Cuál de las siguientes bases de datos NoSQL es conocida por su modelo de documentos, donde los datos se almacenan en formato BSON (Binary JSON)?
01 - Simulación APX V1.docx	java/01 - Simulación APX V1.docx	18	Herramientas/general	Pregunta 18	¿En un proyecto Maven, qué archivo se utiliza para configurar las dependencias del proyecto, la configuración de compilación y los metadatos del proyecto?
01 - Simulación APX V1.docx	java/01 - Simulación APX V1.docx	19	Herramientas/general	Pregunta 19	¿Cuál de los siguientes comandos de Git se utiliza para crear una nueva rama y cambiarse a ella?
01 - Simulación APX V1.docx	java/01 - Simulación APX V1.docx	20	Java	Pregunta 20	¿Cuál de las siguientes anotaciones en JUnit se utiliza para indicar que un método debe ejecutarse antes de cada método de prueba?
01 - Simulación APX V1.docx	java/01 - Simulación APX V1.docx	21	APX	Pregunta 21	Este patrón suele representarse como una única librería que contiene la mayoría de la funcionalidad y que otras librerías utilizan incorrectamente de apoyo. La clave del problema es que puede contener un porcentaje muy elevado de responsabilidades dentro de las solución a diseñar:
01 - Simulación APX V1.docx	java/01 - Simulación APX V1.docx	22	Java	Pregunta 22	public class Test { static int co = 0; public static void main(String[] args) { int x = 1; for (test('1'); test('2') && (x <= 2); test('3')) { x++; test('4'); } System.out.println(" The co value = " + co); } static boolean test(char num) { System.out.print("" + num); co++; return true; } } ¿Que imprime en pantalla el código anterior?
01 - Simulación APX V1.docx	java/01 - Simulación APX V1.docx	23	APX	Pregunta 23	¿Cuáles dos de las siguientes opciones son funciones de la siguiente instrucción? apx deploy local --runtime=online --country=ESP -y
01 - Simulación APX V1.docx	java/01 - Simulación APX V1.docx	24	Herramientas/general	Pregunta 24	¿Cuál de las siguientes sentencias acerca del patrón de diseño Singleton es verdadera?
01 - Simulación APX V1.docx	java/01 - Simulación APX V1.docx	25	Herramientas/general	Pregunta 25	En el contexto del versionado semántico (Semantic Versioning), si un desarrollador cambia la versión de una biblioteca de 1.4.3 a 2.0.0 ¿Que implicaciones tiene este cambio según las reglas del versionado semántico?
01 - Simulación APX V1.docx	java/01 - Simulación APX V1.docx	26	Java	Pregunta 26	En Java, ¿cuál de las siguientes se utiliza para llamar a un constructor desde otro constructor dentro de la misma clase?
01 - Simulación APX V1.docx	java/01 - Simulación APX V1.docx	27	Java	Pregunta 27	import java.util.Arrays; public class Test { public static void main(String[] args) { String[] strings = { "2", "3", "1", "4" }; Arrays.sort(strings, 1, 4); System.out.println(Arrays.toString(strings)); } }¿Que imprime en pantalla el código anterior?
01 - Simulación APX V1.docx	java/01 - Simulación APX V1.docx	28	Java	Pregunta 28	public class LoopQuestion { public static void main(String[] args) { int count = 0; for (int i = 0; i < 10; i++) { if (i % 2 == 0) { count++; } } System.out.println("Count: " + count); } }
01 - Simulación APX V1.docx	java/01 - Simulación APX V1.docx	29	Java	Pregunta 29	public class Test { int[] array = {1, 2, 3, 4, 5}; public static void main(String[] args) { new Test().go(1); } void go(int x) { array[x % 5] = x++; go(x); } } ¿Que imprime ?
01 - Simulación APX V1.docx	java/01 - Simulación APX V1.docx	30	Java	Pregunta 30	¿Cuál de los siguientes métodos de Mockito se utiliza para verificar que un método de un mock ha sido llamado un número específico de veces?
01 - Simulación APX V1.docx	java/01 - Simulación APX V1.docx	31	Java	Pregunta 31	¿Cuáles de las siguientes son palabras reservadas en Java para el manejo de excepciones?
01 - Simulación APX V1.docx	java/01 - Simulación APX V1.docx	32	Herramientas/general	Pregunta 32	¿Cuál de las siguientes herramientas se utiliza principalmente para probar y desarrollar APIs, permitiendo enviar solicitudes HTTP y analizar las respuestas?
01 - Simulación APX V1.docx	java/01 - Simulación APX V1.docx	33	Java	Pregunta 33	¿Cuál de las siguientes afirmaciones sobre el ciclo for mejorado introducido en Java 5 es verdadera?
01 - Simulación APX V1.docx	java/01 - Simulación APX V1.docx	34	Java	Pregunta 34	¿Cuál es el tipo de resultado cuando se resta un valor short de un valor double en Java?
01 - Simulación APX V1.docx	java/01 - Simulación APX V1.docx	35	Herramientas/general	Pregunta 35	¿Cuál es la principal función del servidor de aplicaciones Jboss?
01 - Simulación APX V1.docx	java/01 - Simulación APX V1.docx	36	Java	Pregunta 36	¿Cuál es el tipo de resultado cuando se resta un short de un double en Java?
01 - Simulación APX V1.docx	java/01 - Simulación APX V1.docx	37	Herramientas/general	Pregunta 37	¿Cuál de las siguientes características es fundamental en una base de datos relacional?
01 - Simulación APX V1.docx	java/01 - Simulación APX V1.docx	38	Java	Pregunta 38	Dado el siguiente código: import java.util.List; import java.util.function.Predicate; class Person { String name; public Person(String name) { this.name = name; } @Override public String toString() { return name; } } public class Test { static List<Person> filter(List<Person> input, Predicate<Person> predicate) { return input.stream().filter(predicate).toList(); }public static void main(String[] args) { var a = new Person("John"); var b = new Person("Jane"); var c = new Person("Mark"); var input = List.of(a, b, c); var output = filter(input, p -> !p.name.startsWith("J")); System.out.println(output); } } ¿Que imprime en pantalla el código?
01 - Simulación APX V1.docx	java/01 - Simulación APX V1.docx	39	Java	Pregunta 39	public class StringInternExample { public static void main(String[] args) { String str1 = new String("example"); String str2 = "example"; String str3 = str1.intern(); System.out.println(str1 == str2); System.out.println(str2 == str3); System.out.println(str1 == str3); } }
01 - Simulación APX V1.docx	java/01 - Simulación APX V1.docx	40	Herramientas/general	Pregunta 40	Cual de los siguientes comandos de Maven se utiliza para compilar un proyecto JAR, pero sin depositarlo en el repositorio local?
01 - Simulación APX V1.docx	java/01 - Simulación APX V1.docx	41	APX	Pregunta 41	¿Qué comando permite enviar una solicitud de transacción a un servidor APX?
01 - Simulación APX V1.docx	java/01 - Simulación APX V1.docx	42	Herramientas/general	Pregunta 42	¿Cuál de las siguientes opciones describe correctamente un servicio web (web service)?
01 - Simulación APX V1.docx	java/01 - Simulación APX V1.docx	43	Java	Pregunta 43	¿Cuál de las siguientes afirmaciones sobre ArrayList es verdadera?
01 - Simulación APX V1.docx	java/01 - Simulación APX V1.docx	44	Java	Pregunta 44	¿Cuáles de los siguientes operadores son válidos para variables booleanas en Java?
01 - Simulación APX V1.docx	java/01 - Simulación APX V1.docx	45	APX	Pregunta 45	¿Cuál es el archivo utilizado para agregar la dependencia del JDBC Utility a una aplicación?
02 - Simulación APX V2.docx	java/02 - Simulación APX V2.docx	1	Java	Pregunta 1	En Java, ¿cuál de las siguientes instrucciones es usada para llamar a un constructor desde otro constructor en la misma clase?
02 - Simulación APX V2.docx	java/02 - Simulación APX V2.docx	2	APX	Pregunta 2	¿Cuáles son las utilerías que pueden ser usadas en APX Batch?
02 - Simulación APX V2.docx	java/02 - Simulación APX V2.docx	3	Herramientas/general	Pregunta 3	En el contexto del patrón de diseño de Comando (Command Pattern), ¿cuál es el propósito de la clase invocadora (Invoker)?
02 - Simulación APX V2.docx	java/02 - Simulación APX V2.docx	4	Herramientas/general	Pregunta 4	¿Cuál es el propósito principal del patrón de paginación en el desarrollo de aplicaciones web?
02 - Simulación APX V2.docx	java/02 - Simulación APX V2.docx	5	Java	Pregunta 5	¿Cuál es la salida del siguiente código? import java.time.LocalDate; import java.time.Month; public class Test { public static void main(String[] argv) { LocalDate date = LocalDate.of(1997, Month.MAY, 50); System.out.println(date.getYear() + "-" + date.getMonth() + "-" + date.getDayOfMonth()); } }
02 - Simulación APX V2.docx	java/02 - Simulación APX V2.docx	6	Java	Pregunta 6	¿Cuál de las siguientes líneas de código utiliza correctamente un método de la clase String para reemplazar todas las apariciones del carácter 'a' por 'e' en una cadena dada en Java?
02 - Simulación APX V2.docx	java/02 - Simulación APX V2.docx	7	APX	Pregunta 7	APX proporciona a las aplicaciones las utilidades para ejecutar una consulta solo a base de datos relacional. Seleccione una:
02 - Simulación APX V2.docx	java/02 - Simulación APX V2.docx	8	Java	Pregunta 8	¿Cuáles de las siguientes son formas válidas de inicializar una variable booleana en Java?
02 - Simulación APX V2.docx	java/02 - Simulación APX V2.docx	9	Herramientas/general	Pregunta 9	¿Cuál es el propósito principal del archivo pom.xml en un proyecto Maven?
02 - Simulación APX V2.docx	java/02 - Simulación APX V2.docx	10	APX	Pregunta 10	¿Qué es un Job en el contexto de Spring Batch?
02 - Simulación APX V2.docx	java/02 - Simulación APX V2.docx	11	Java	Pregunta 11	En Java, ¿qué sintaxis es usada para declarar un parámetro en un método que acepte un número variable de argumentos?
02 - Simulación APX V2.docx	java/02 - Simulación APX V2.docx	12	APX	Pregunta 12	¿Cuál de los siguientes componentes de APX encapsula la lógica empresarial y el acceso a los datos, además publica su interfaz para que pueda ser usada por terceros?
02 - Simulación APX V2.docx	java/02 - Simulación APX V2.docx	13	Java	Pregunta 13	¿Cuál de las siguientes afirmaciones describe con precisión las relaciones que pueden existir entre clases en Java?
02 - Simulación APX V2.docx	java/02 - Simulación APX V2.docx	14	Herramientas/general	Pregunta 14	¿Cuál es el comando en Windows para listar el contenido de un directorio/carpeta?
02 - Simulación APX V2.docx	java/02 - Simulación APX V2.docx	15	Java	Pregunta 15	¿Cuáles son los modificadores que puede tener una clase anidada en Java?
02 - Simulación APX V2.docx	java/02 - Simulación APX V2.docx	16	APX	Pregunta 16	¿Cuales son las herramientas necesarias para desarrollar componentes en APX?
02 - Simulación APX V2.docx	java/02 - Simulación APX V2.docx	17	Herramientas/general	Pregunta 17	¿Cuál de las siguientes opciones se utiliza principalmente para la integración continua en el desarrollo del sofware?
02 - Simulación APX V2.docx	java/02 - Simulación APX V2.docx	18	APX	Pregunta 18	Todo el acceso a los datos debe estar encapsulado en una transacción para facilitar la reutilización y control de acceso
02 - Simulación APX V2.docx	java/02 - Simulación APX V2.docx	19	Herramientas/general	Pregunta 19	¿Cuál de las siguientes ramas en Gitflow se utiliza para aplicar correcciones rápidas directamente en producción?
02 - Simulación APX V2.docx	java/02 - Simulación APX V2.docx	20	APX	Pregunta 20	Una transacción APX es la unidad aplicativa que se ejecutará en APX Batch. Seleccione una:
02 - Simulación APX V2.docx	java/02 - Simulación APX V2.docx	21	Java	Pregunta 21	¿Cuál es la función principal del JDK (Java Development Kit)?
02 - Simulación APX V2.docx	java/02 - Simulación APX V2.docx	22	APX	Pregunta 22	¿Cuál es el propósito del método setSeverity() en el manejo de una transacción APX?
02 - Simulación APX V2.docx	java/02 - Simulación APX V2.docx	23	Java	Pregunta 23	¿Cuál de los siguientes paquetes en Java no necesitan ser importados explícitamente en un programa Java?
02 - Simulación APX V2.docx	java/02 - Simulación APX V2.docx	24	Java	Pregunta 24	¿Cuál de las siguientes afirmaciones describe correctamente un objeto inmutable en Java?
02 - Simulación APX V2.docx	java/02 - Simulación APX V2.docx	25	Java	Pregunta 25	¿Cuando se asigna un byte a un carácter en Java, ¿cuál es el tipo de resultado?
02 - Simulación APX V2.docx	java/02 - Simulación APX V2.docx	26	Java	Pregunta 26	¿Cuáles dos opciones son verdaderas sobre el constructor por defecto?
02 - Simulación APX V2.docx	java/02 - Simulación APX V2.docx	27	APX	Pregunta 27	¿Cuál es la nomenclatura correcta para un componente de tipo librería?
02 - Simulación APX V2.docx	java/02 - Simulación APX V2.docx	28	Herramientas/general	Pregunta 28	¿Qué archivo se utiliza para configurar la configuración específica del usuario en Maven?
02 - Simulación APX V2.docx	java/02 - Simulación APX V2.docx	29	Herramientas/general	Pregunta 29	¿Qué significa que un cambio en el software sea retrocompatible?
02 - Simulación APX V2.docx	java/02 - Simulación APX V2.docx	30	Java	Pregunta 30	¿Qué declaraciones inicializan correctamente una variable booleana en Java?
02 - Simulación APX V2.docx	java/02 - Simulación APX V2.docx	31	APX	Pregunta 31	En APX CLI, ¿cual opcion permite crear un proyecto Maven con una unidad de despliegue de tipo librería?
02 - Simulación APX V2.docx	java/02 - Simulación APX V2.docx	32	APX	Pregunta 32	¿Cuál de las siguientes afirmaciones describe mejor un Step en el contexto de Spring Batch?
02 - Simulación APX V2.docx	java/02 - Simulación APX V2.docx	33	APX	Pregunta 33	¿Qué es ENTORNO LOCAL APX?
02 - Simulación APX V2.docx	java/02 - Simulación APX V2.docx	34	Java	Pregunta 34	¿Cuál de las siguientes declaraciones de clase no es correcta?
02 - Simulación APX V2.docx	java/02 - Simulación APX V2.docx	35	Java	Pregunta 35	¿Qué método en java.lang.Object debe ser sobrescrito si se sobrescribe el método hashCode()?
02 - Simulación APX V2.docx	java/02 - Simulación APX V2.docx	36	Herramientas/general	Pregunta 36	¿Cuál es el comando en Bash para cambiar el directorio actual a uno especificado?
02 - Simulación APX V2.docx	java/02 - Simulación APX V2.docx	37	Java	Pregunta 37	¿Cuáles tres de las siguientes opciones se consideran malas prácticas en el desarrollo de software en Java?
02 - Simulación APX V2.docx	java/02 - Simulación APX V2.docx	38	Java	Pregunta 38	¿Qué clase puede proveer las siguientes capacidades?: no permitir valores duplicados, mantener el orden en el cual los elementos fueron insertados, proveer iteración rápida y acceso aleatorio eficiente.
02 - Simulación APX V2.docx	java/02 - Simulación APX V2.docx	39	APX	Pregunta 39	¿Cuál de las siguientes opciones es verdadera acerca de Spring Batch?
02 - Simulación APX V2.docx	java/02 - Simulación APX V2.docx	40	APX	Pregunta 40	¿Cuál de las siguientes opciones representa un antipatrón relacionado con el uso de Binary Large Object (BLOB) en el desarrollo de software?
02 - Simulación APX V2.docx	java/02 - Simulación APX V2.docx	41	APX	Pregunta 41	Todo el acceso a los datos debe estar encapsulado en una biblioteca para facilitar la reutilización y el control de acceso
02 - Simulación APX V2.docx	java/02 - Simulación APX V2.docx	42	Java	Pregunta 42	¿Cuál es la característica que comparten Array y Arraylist?
02 - Simulación APX V2.docx	java/02 - Simulación APX V2.docx	43	Herramientas/general	Pregunta 43	¿Cuál de las siguientes opciones es una herramienta de comprensión y gestión de proyectos basada en el concepto de modelo de objetos de proyecto (POM)?
02 - Simulación APX V2.docx	java/02 - Simulación APX V2.docx	44	Herramientas/general	Pregunta 44	En el contexto de Maven. ¿Cuál es la función principal del archivo settings.xml?
02 - Simulación APX V2.docx	java/02 - Simulación APX V2.docx	45	Java	Pregunta 45	¿Cuál de las siguientes afirmaciones sobre la palabra clave throw es verdadera?
07 - Diagnóstico APX 5.docx	apx/examenes/07 - Diagnóstico APX 5.docx	1	APX	Pregunta 1 · sección APX	¿Que causa no corresponde al antipatron Contenedor Magico?
07 - Diagnóstico APX 5.docx	apx/examenes/07 - Diagnóstico APX 5.docx	2	APX	Pregunta 2 · sección APX	¿Quién es el responsable de iniciar un Job?
07 - Diagnóstico APX 5.docx	apx/examenes/07 - Diagnóstico APX 5.docx	3	APX	Pregunta 3 · sección APX	Selecciona las tres respuestas que describen las mejores practicas establecidas para acceder a Datos
07 - Diagnóstico APX 5.docx	apx/examenes/07 - Diagnóstico APX 5.docx	4	APX	Pregunta 4 · sección APX	Las partes de un campo variable definidos por la cadena NMM son:
07 - Diagnóstico APX 5.docx	apx/examenes/07 - Diagnóstico APX 5.docx	5	APX	Pregunta 5 · sección APX	El objeto ______ no debe manejarse directamente. No debe crear instancias , abrir o cerrar explicitamente conexiones a la base de datos
07 - Diagnóstico APX 5.docx	apx/examenes/07 - Diagnóstico APX 5.docx	6	APX	Pregunta 6 · sección APX	¿Cuál es el prefijo que debe utilizarse en la nomenclatura de los métodos que exponen las librerías para ser consumidos?
07 - Diagnóstico APX 5.docx	apx/examenes/07 - Diagnóstico APX 5.docx	7	APX	Pregunta 7 · sección APX	Para garantizar el comportamiento transaccional de APX, la arquitectura se basa en el estándar ____, por lo que los recursos administrados dentro de la transacción deben ser del tipo XA.
07 - Diagnóstico APX 5.docx	apx/examenes/07 - Diagnóstico APX 5.docx	8	APX	Pregunta 8 · sección APX	En las consultas a BBDD debe usar variables _______ para no afectar el rendimiento de la base de datos
07 - Diagnóstico APX 5.docx	apx/examenes/07 - Diagnóstico APX 5.docx	9	APX	Pregunta 9 · sección APX	En un Batch, ¿Cual es el step donde el desarrollador introducirá la logica empresarial necesaria?
07 - Diagnóstico APX 5.docx	apx/examenes/07 - Diagnóstico APX 5.docx	10	APX	Pregunta 10 · sección APX	El identificador unico para la ejecución de transacciones/Job se genera automaticamente como ultimo paso cuando se invoca las transacciones en linea/Batch. El resultado de la transaccion se puede propagar para la correlación en las otras capas.
07 - Diagnóstico APX 5.docx	apx/examenes/07 - Diagnóstico APX 5.docx	11	Herramientas/general	Pregunta 11 · sección APX	Un ______ proporciona una solución a un problema de diseño. Debe cumplir con diferentes características, como la efectividad al resolver problemas similares en ocasiones anteriores. Por lo tanto, debe de ser re-utilizable, es decir, aplicable a diferentes problemas en diferentes circunstancias.
07 - Diagnóstico APX 5.docx	apx/examenes/07 - Diagnóstico APX 5.docx	12	APX	Pregunta 12 · sección APX	Para enviar un aviso desde una biblioteca o desde la transacción, cualquiera que sea el tipo, el método utilizado es ________.
07 - Diagnóstico APX 5.docx	apx/examenes/07 - Diagnóstico APX 5.docx	13	APX	Pregunta 13 · sección APX	Cualquier documento utilizado (.dll, .txt, etc.) se almacenará en el sistema de archivos compartidos del nodo Batch (generalmente ____________ ) y luego se eliminará periódicamente.
07 - Diagnóstico APX 5.docx	apx/examenes/07 - Diagnóstico APX 5.docx	14	APX	Pregunta 14 · sección APX	Los componentes de seguridad lógica que dan servicio a la arquitectura no están acoplados a la Arquitectura APX.
07 - Diagnóstico APX 5.docx	apx/examenes/07 - Diagnóstico APX 5.docx	15	APX	Pregunta 15 · sección APX	La información utilizada en la lógica de negocio de la transacción debe incluirse en ______.
07 - Diagnóstico APX 5.docx	apx/examenes/07 - Diagnóstico APX 5.docx	16	APX	Pregunta 16 · sección APX	¿Cuál definición de APX es incorrecta?
07 - Diagnóstico APX 5.docx	apx/examenes/07 - Diagnóstico APX 5.docx	17	APX	Pregunta 17 · sección APX	Las utilidades APX implementadas tanto para la arquitectura Online como para la arquitectura Batch son:
07 - Diagnóstico APX 5.docx	apx/examenes/07 - Diagnóstico APX 5.docx	18	APX	Pregunta 18 · sección APX	De la lista siguiente marca 2 funcionalidades de servicios persistencia incluidas en APX
07 - Diagnóstico APX 5.docx	apx/examenes/07 - Diagnóstico APX 5.docx	19	APX	Pregunta 19 · sección APX	De la lista siguiente marca 2 funcionalidades de servicios conectores incluidos en APX
07 - Diagnóstico APX 5.docx	apx/examenes/07 - Diagnóstico APX 5.docx	20	APX	Pregunta 20 · sección APX	Patrones de diseño en APX
07 - Diagnóstico APX 5.docx	apx/examenes/07 - Diagnóstico APX 5.docx	21	APX	Pregunta 21 · sección APX	En primer lugar, APX recibe la solicitud en uno de los protocolos físicos que admite (HTTP, JMS, REST,). Luego, crea un identificador único para la ________ y valide si los encabezados de solicitud están bien formateados de acuerdo con el protocolo lógico definido por Arquitectura
07 - Diagnóstico APX 5.docx	apx/examenes/07 - Diagnóstico APX 5.docx	22	APX	Pregunta 22 · sección APX	¿Cuáles son los campos que definen a una transacción en APX?
07 - Diagnóstico APX 5.docx	apx/examenes/07 - Diagnóstico APX 5.docx	23	APX	Pregunta 23 · sección APX	¿Cuáles son los protocolos físicos disponibles en APX Online? Selecciona 2
07 - Diagnóstico APX 5.docx	apx/examenes/07 - Diagnóstico APX 5.docx	24	APX	Pregunta 24 · sección APX	Este tipo de paginación es el que establece Arquitectura y Calidad como el más eficiente, tanto en consumo de recursos como en el tiempo de proceso para la consecución de la información, lo que redunda en un menor tiempo de espera por parte del usuario final.
07 - Diagnóstico APX 5.docx	apx/examenes/07 - Diagnóstico APX 5.docx	25	APX	Pregunta 25 · sección APX	Este patrón suele representarse como una única librería que contiene la mayoría de la funcionalidad y que otras librerías utilizan incorrectamente de apoyo. La clave del problema es que puede contener un porcentaje muy elevado de responsabilidades dentro de la solución a diseñar
07 - Diagnóstico APX 5.docx	apx/examenes/07 - Diagnóstico APX 5.docx	26	APX	Pregunta 26 · sección APX	¿Cómo solucionamos un Blob?
07 - Diagnóstico APX 5.docx	apx/examenes/07 - Diagnóstico APX 5.docx	27	APX	Pregunta 27 · sección APX	Selecciona dos aplicaciones que justifican el uso del patrón Data Transfer Object (DTO) es obligatorio cuando:
07 - Diagnóstico APX 5.docx	apx/examenes/07 - Diagnóstico APX 5.docx	28	APX	Pregunta 28 · sección APX	Este patrón suele representarse en una librería que contiene un solo método “execute” con parámetros que actúan como filtros y que engloba diversas funcionalidades dispares en función de sus parámetros de entrada
07 - Diagnóstico APX 5.docx	apx/examenes/07 - Diagnóstico APX 5.docx	29	APX	Pregunta 29 · sección APX	¿Qué causas no corresponden al patrón Contenedor Mágico?
07 - Diagnóstico APX 5.docx	apx/examenes/07 - Diagnóstico APX 5.docx	30	APX	Pregunta 30 · sección APX	La aplicación de este anti patrón de diseño en los desarrollos, causará la búsqueda y análisis de una mejor solución a un problema por medio de reingeniería
07 - Diagnóstico APX 5.docx	apx/examenes/07 - Diagnóstico APX 5.docx	31	APX	Pregunta 31 · sección APX	¿Qué nivel de profundidad es permitido al realizar invocaciones de librería a librería?
07 - Diagnóstico APX 5.docx	apx/examenes/07 - Diagnóstico APX 5.docx	32	APX	Pregunta 32 · sección APX	¿Cuál es el número máximo de librerías a invocar desde una transacción o librería?
07 - Diagnóstico APX 5.docx	apx/examenes/07 - Diagnóstico APX 5.docx	33	APX	Pregunta 33 · sección APX	No puede incluir _______ o etiquetas similares. Estas anotaciones no reciben errores ni advertencias en el compilador en el momento de la compilación.
07 - Diagnóstico APX 5.docx	apx/examenes/07 - Diagnóstico APX 5.docx	34	APX	Pregunta 34 · sección APX	Está prohibido poner las siguientes anotaciones de primavera en las clases de implementación de las bibliotecas APX: @Component, @Service, @Controller y @Repository, porque estas anotaciones causan conflictos en la resolución de classpath del paquete de la biblioteca y tienen el efecto de que la biblioteca no expone su servicio OSGI.
07 - Diagnóstico APX 5.docx	apx/examenes/07 - Diagnóstico APX 5.docx	35	APX	Pregunta 35 · sección APX	Niveles de Logs más comunes dentro de APX
07 - Diagnóstico APX 5.docx	apx/examenes/07 - Diagnóstico APX 5.docx	36	APX	Pregunta 36 · sección APX	Para información de muy bajo nivel, solo útil para depurar la aplicación tanto en el desarrollo como en el análisis de incidentes ¿A qué tipo de nivel de Log se refiere?
07 - Diagnóstico APX 5.docx	apx/examenes/07 - Diagnóstico APX 5.docx	37	APX	Pregunta 37 · sección APX	Este nivel de Log tiene las siguientes características: -Paradas e inicios de servicios y sistemas. -Parámetros críticos o relevantes de configuración. -Inicio y fin de transacciones y operaciones completas. -Cambios del estado de las operaciones
07 - Diagnóstico APX 5.docx	apx/examenes/07 - Diagnóstico APX 5.docx	38	APX	Pregunta 38 · sección APX	DEBUG, sirve para información de muy bajo nivel solo útil para el debug de la aplicación, tanto en el desarrollo como en el análisis de incidencias -Paradas y arranques de servicios y sistemas -Parámetros críticos o relevantes de configuración -Comienzo y fin de transacciones y operaciones completas -Cambios de estado de operaciones
07 - Diagnóstico APX 5.docx	apx/examenes/07 - Diagnóstico APX 5.docx	39	APX	Pregunta 39 · sección APX	WARN, son situaciones que impiden la ejecución correcta de una operación o transacción, pero sin afectar a otras operaciones o transacciones (error aislado o contenido)
07 - Diagnóstico APX 5.docx	apx/examenes/07 - Diagnóstico APX 5.docx	40	APX	Pregunta 40 · sección APX	ERROR, información de situaciones, que aún sin ser de error, si son anómalas o no previstas, aunque el aplicativo tiene alternativas para solventarlas
07 - Diagnóstico APX 5.docx	apx/examenes/07 - Diagnóstico APX 5.docx	41	APX	Pregunta 41 · sección APX	INFO, información de nivel superior que permita hacer un seguimiento de la ejecución normal
07 - Diagnóstico APX 5.docx	apx/examenes/07 - Diagnóstico APX 5.docx	42	APX	Pregunta 42 · sección APX	Las partes de un campo variable definidos por la cadena _$NMM$ son:
07 - Diagnóstico APX 5.docx	apx/examenes/07 - Diagnóstico APX 5.docx	43	APX	Pregunta 43 · sección APX	_________ fue creada para brindar una herramienta a los desarrolladores y administradores del entorno para gestionar las operaciones en la plataforma
07 - Diagnóstico APX 5.docx	apx/examenes/07 - Diagnóstico APX 5.docx	44	APX	Pregunta 44 · sección APX	La comunicación de APX a otros servicios NO APX se realiza UNICAMENTE a través de la utilidad APX _______
07 - Diagnóstico APX 5.docx	apx/examenes/07 - Diagnóstico APX 5.docx	45	APX	Pregunta 45 · sección APX	No está permitido generar _________ para escribir de Logs. Tampoco se permite la escritura por ______, debe ser la arquitectura quien los escriba.
07 - Diagnóstico APX 5.docx	apx/examenes/07 - Diagnóstico APX 5.docx	46	APX	Pregunta 46 · sección APX	¿Cuáles son los protocolos lógicos disponibles en APX? Selecciona 2
07 - Diagnóstico APX 5.docx	apx/examenes/07 - Diagnóstico APX 5.docx	47	APX	Pregunta 47 · sección APX	¿Cuáles son las acciones posteriores a la ejecución de la lógica de negocio en la capa de Arquitectura de control?
07 - Diagnóstico APX 5.docx	apx/examenes/07 - Diagnóstico APX 5.docx	48	APX	Pregunta 48 · sección APX	Selecciona las únicas excepciones que pueden ser capturadas y administradas por las aplicaciones, típicas de APX:
07 - Diagnóstico APX 5.docx	apx/examenes/07 - Diagnóstico APX 5.docx	49	APX	Pregunta 49 · sección APX	¿Cuáles son los dos tipos de step que existen en Batch APX?
07 - Diagnóstico APX 5.docx	apx/examenes/07 - Diagnóstico APX 5.docx	50	APX	Pregunta 50 · sección APX	Agrega un campo de entrada obligatorio. Agregue un campo de salida. Modifique el tipo de un campo de entrada o salida existente. Son características de un cambio…
07 - Diagnóstico APX 5.docx	apx/examenes/07 - Diagnóstico APX 5.docx	51	APX	Pregunta 51 · sección APX	Es obligatorio que los DTOs se implementen dentro de un….
07 - Diagnóstico APX 5.docx	apx/examenes/07 - Diagnóstico APX 5.docx	52	APX	Pregunta 52 · sección APX	Las dependencias circulares son permitidas…
07 - Diagnóstico APX 5.docx	apx/examenes/07 - Diagnóstico APX 5.docx	53	APX	Pregunta 53 · sección APX	El multiproceso no debe usarse en APX Batch ¿Que se puede hacer como opción?
07 - Diagnóstico APX 5.docx	apx/examenes/07 - Diagnóstico APX 5.docx	54	APX	Pregunta 54 · sección APX	Excepción de Spring permitida
07 - Diagnóstico APX 5.docx	apx/examenes/07 - Diagnóstico APX 5.docx	55	APX	Pregunta 55 · sección APX	Diferencias entre Las invocaciones de APX Batch e invocaciones de APX Online
07 - Diagnóstico APX 5.docx	apx/examenes/07 - Diagnóstico APX 5.docx	56	APX	Pregunta 56 · sección APX	APX, ¿Qué es Escritura ROP?
07 - Diagnóstico APX 5.docx	apx/examenes/07 - Diagnóstico APX 5.docx	57	APX	Pregunta 57 · sección APX	En caso de que una transacción deba invocar a otra, solo se puede realizar de forma...
07 - Diagnóstico APX 5.docx	apx/examenes/07 - Diagnóstico APX 5.docx	58	APX	Pregunta 58 · sección APX	Capacidades de APX
07 - Diagnóstico APX 5.docx	apx/examenes/07 - Diagnóstico APX 5.docx	59	APX	Pregunta 59 · sección APX	¿Qué característica NO pertenece al BATCH?
07 - Diagnóstico APX 5.docx	apx/examenes/07 - Diagnóstico APX 5.docx	60	APX	Pregunta 60 · sección APX	Existe un API de código de barras
07 - Diagnóstico APX 5.docx	apx/examenes/07 - Diagnóstico APX 5.docx	61	APX	Pregunta 61 · sección APX	NO se deben utilizar sentencias que incluyan atributos o acciones específicas de un administrador de base de datos en particular, como lo es...
07 - Diagnóstico APX 5.docx	apx/examenes/07 - Diagnóstico APX 5.docx	62	APX	Pregunta 62 · sección APX	¿Qué es un Chunk?
07 - Diagnóstico APX 5.docx	apx/examenes/07 - Diagnóstico APX 5.docx	63	Java	Pregunta 63 · sección JAVA	Which three are bad practices?
07 - Diagnóstico APX 5.docx	apx/examenes/07 - Diagnóstico APX 5.docx	64	Java	Pregunta 64 · sección JAVA	Indica a JUnit que la propiedad que usa esta anotación es una simulación y, por lo tanto, se inicializa como tal y es susceptible de ser inyectada por @InjectMocks.
07 - Diagnóstico APX 5.docx	apx/examenes/07 - Diagnóstico APX 5.docx	65	Java	Pregunta 65 · sección JAVA	[código en imagen] opciones: a) 3false3 | b) 3false1 | c) 2false1 | d) 3true1 | e) 2true3
07 - Diagnóstico APX 5.docx	apx/examenes/07 - Diagnóstico APX 5.docx	66	Java	Pregunta 66 · sección JAVA	Which two statments are true?
07 - Diagnóstico APX 5.docx	apx/examenes/07 - Diagnóstico APX 5.docx	67	Java	Pregunta 67 · sección JAVA	[código en imagen] opciones: a) Gamma gamma | b) Beta beta | c) Alpha beta | d) Compilation fails
07 - Diagnóstico APX 5.docx	apx/examenes/07 - Diagnóstico APX 5.docx	68	Java	Pregunta 68 · sección JAVA	Which five methods, inserted independiently at line 5, will compile? (Choose five) [IMG]
07 - Diagnóstico APX 5.docx	apx/examenes/07 - Diagnóstico APX 5.docx	69	Java	Pregunta 69 · sección JAVA	[código en imagen] opciones: a) Change line 2 to: public int a; | b) Change line 13 to: public Sub(){ super(5);} | c) Change line 2 to: protected int a; | d) Change line 13 to: public Sub(){ this(5);} | e) Change line 13 to: public Sub(){ super(a);}
07 - Diagnóstico APX 5.docx	apx/examenes/07 - Diagnóstico APX 5.docx	70	Java	Pregunta 70 · sección JAVA	Whats is true about the class Wow? [IMG]
07 - Diagnóstico APX 5.docx	apx/examenes/07 - Diagnóstico APX 5.docx	71	Java	Pregunta 71 · sección JAVA	What is the result? [IMG]
07 - Diagnóstico APX 5.docx	apx/examenes/07 - Diagnóstico APX 5.docx	72	Java	Pregunta 72 · sección JAVA	What is printed out when the program is excuted? [IMG]
07 - Diagnóstico APX 5.docx	apx/examenes/07 - Diagnóstico APX 5.docx	73	Java	Pregunta 73 · sección JAVA	What is the result? [IMG]
07 - Diagnóstico APX 5.docx	apx/examenes/07 - Diagnóstico APX 5.docx	74	Java	Pregunta 74 · sección JAVA	What is the result? [IMG]
07 - Diagnóstico APX 5.docx	apx/examenes/07 - Diagnóstico APX 5.docx	75	Java	Pregunta 75 · sección JAVA	What is the result? [IMG]
07 - Diagnóstico APX 5.docx	apx/examenes/07 - Diagnóstico APX 5.docx	76	Java	Pregunta 76 · sección JAVA	What is the result? [IMG]
07 - Diagnóstico APX 5.docx	apx/examenes/07 - Diagnóstico APX 5.docx	77	Java	Pregunta 77 · sección JAVA	Which statement is true? [IMG]
07 - Diagnóstico APX 5.docx	apx/examenes/07 - Diagnóstico APX 5.docx	78	Herramientas/general	Pregunta 78 · sección JAVA	The SINGLETON pattern allows:
07 - Diagnóstico APX 5.docx	apx/examenes/07 - Diagnóstico APX 5.docx	79	Java	Pregunta 79 · sección JAVA	What is the result? [IMG]
07 - Diagnóstico APX 5.docx	apx/examenes/07 - Diagnóstico APX 5.docx	80	Java	Pregunta 80 · sección JAVA	What is the result? [IMG]
07 - Diagnóstico APX 5.docx	apx/examenes/07 - Diagnóstico APX 5.docx	81	Java	Pregunta 81 · sección JAVA	Which three implementations are valid? [IMG]
07 - Diagnóstico APX 5.docx	apx/examenes/07 - Diagnóstico APX 5.docx	82	Java	Pregunta 82 · sección JAVA	What is the result? [IMG]
07 - Diagnóstico APX 5.docx	apx/examenes/07 - Diagnóstico APX 5.docx	83	Java	Pregunta 83 · sección JAVA	What value of x, y, z will produce the following result? 1234,1234,1234 -----, 1234, ------ [IMG]
07 - Diagnóstico APX 5.docx	apx/examenes/07 - Diagnóstico APX 5.docx	84	Java	Pregunta 84 · sección JAVA	Which three lines will compile and output "Right on!"? [IMG]
07 - Diagnóstico APX 5.docx	apx/examenes/07 - Diagnóstico APX 5.docx	85	Java	Pregunta 85 · sección JAVA	What is the result? [IMG]
01 - Quiz APX.docx	java/01 - Quiz APX.docx	1	Herramientas/general	Pregunta 1	¿Para qué sirve el patrón de diseño Command?
01 - Quiz APX.docx	java/01 - Quiz APX.docx	2	Java	Pregunta 2	¿Para qué sirve la palabra clave throw en Java?
01 - Quiz APX.docx	java/01 - Quiz APX.docx	3	Java	Pregunta 3	¿Qué paquete está importado por defecto en Java?
01 - Quiz APX.docx	java/01 - Quiz APX.docx	4	Java	Pregunta 4 · código en imagen	¿Qué imprime este bucle?
01 - Quiz APX.docx	java/01 - Quiz APX.docx	5	Java	Pregunta 5 · código en imagen	¿Qué imprime este código?
01 - Quiz APX.docx	java/01 - Quiz APX.docx	6	Java	Pregunta 6 · código en imagen	¿Qué imprime este código de matriz?
01 - Quiz APX.docx	java/01 - Quiz APX.docx	7	Java	Pregunta 7 · código en imagen	¿Qué imprime este código?
01 - Quiz APX.docx	java/01 - Quiz APX.docx	8	Java	Pregunta 8 · código en imagen	¿Qué imprime este programa de herencia?
01 - Quiz APX.docx	java/01 - Quiz APX.docx	9	Java	Pregunta 9 · código en imagen	Dado el siguiente código ¿cuál es el resultado?
01 - Quiz APX.docx	java/01 - Quiz APX.docx	10	Herramientas/general	Pregunta 10	¿Cuál es el comando Maven que compila el proyecto pero no instala?
01 - Quiz APX.docx	java/01 - Quiz APX.docx	11	Herramientas/general	Pregunta 11	¿Cuál es el comando Bash para copiar archivos?
01 - Quiz APX.docx	java/01 - Quiz APX.docx	12	Herramientas/general	Pregunta 12	¿Cuál es la rama principal en GitFlow para subir cambios a producción?
01 - Quiz APX.docx	java/01 - Quiz APX.docx	13	Herramientas/general	Pregunta 13	¿Qué patrón asegura una única instancia de una clase?
01 - Quiz APX.docx	java/01 - Quiz APX.docx	14	APX	Pregunta 14	14. ¿Cuál de las siguientes describe a Spring Batch?
01 - Quiz APX.docx	java/01 - Quiz APX.docx	15	Herramientas/general	Pregunta 15	¿Cuál es la utilidad de las bases de datos relacionales?
01 - Quiz APX.docx	java/01 - Quiz APX.docx	16	Herramientas/general	Pregunta 16	¿Qué herramienta analiza vulnerabilidades en código?
01 - Quiz APX.docx	java/01 - Quiz APX.docx	17	Herramientas/general	Pregunta 17	¿Qué herramienta sirve para seguimiento ágil de proyectos?
01 - Quiz APX.docx	java/01 - Quiz APX.docx	18	APX	Pregunta 18	¿Un componente UUAAT000-00-MX.xml en que carpeta se genera?
01 - Quiz APX.docx	java/01 - Quiz APX.docx	19	APX	Pregunta 19	Una transacción APX es la unidad aplicativa que se ejecutará en APX Batch.
01 - Quiz APX.docx	java/01 - Quiz APX.docx	20	APX	Pregunta 20	Fue creada para dar a desarrolladores y administradores una herramienta para gestionar operaciones en la plataforma:
01 - Quiz APX.docx	java/01 - Quiz APX.docx	21	APX	Pregunta 21	¿Cuál es la afirmación correcta sobre APX Operation Console?
01 - Quiz APX.docx	java/01 - Quiz APX.docx	22	APX	Pregunta 22	¿Cuándo un cambio en una transacción no es retrocompatible?
02 - Quiz Desarrollo APX 1.docx	java/02 - Quiz Desarrollo APX 1.docx	1	Java	Pregunta 1 · código en imagen	¿Cuál es el resultado del siguiente código?
02 - Quiz Desarrollo APX 1.docx	java/02 - Quiz Desarrollo APX 1.docx	2	Java	Pregunta 2	El API estándar para acceder a bases de datos en Java es:
02 - Quiz Desarrollo APX 1.docx	java/02 - Quiz Desarrollo APX 1.docx	3	Java	Pregunta 3	En Java, la diferencia entre throws y throw es:
02 - Quiz Desarrollo APX 1.docx	java/02 - Quiz Desarrollo APX 1.docx	4	Java	Pregunta 4 · código en imagen	¿Cuál es la mejor manera de comprobar que los valores de h1 y h2 son iguales?
02 - Quiz Desarrollo APX 1.docx	java/02 - Quiz Desarrollo APX 1.docx	5	Java	Pregunta 5 · código en imagen	¿Cuál es el resultado del siguiente código?
02 - Quiz Desarrollo APX 1.docx	java/02 - Quiz Desarrollo APX 1.docx	6	Java	Pregunta 6 · código en imagen	¿Cuál es el resultado del siguiente código?
02 - Quiz Desarrollo APX 1.docx	java/02 - Quiz Desarrollo APX 1.docx	7	Java	Pregunta 7 · código en imagen	¿Cuántos de los fragmentos de código, si compilan?
02 - Quiz Desarrollo APX 1.docx	java/02 - Quiz Desarrollo APX 1.docx	8	Java	Pregunta 8 · código en imagen	¿Qué afirmación es correcta?
02 - Quiz Desarrollo APX 1.docx	java/02 - Quiz Desarrollo APX 1.docx	9	APX	Pregunta 9	. ¿Cuál es la ubicación de archivos temporales utilizados en Batch?
02 - Quiz Desarrollo APX 1.docx	java/02 - Quiz Desarrollo APX 1.docx	10	APX	Pregunta 10	Los archivos objeto del procesamiento Batch de APX son de naturaleza estrictamente ____________ y este archivo no es, en ningún caso, un mecanismo de persistencia de información a largo plazo:
02 - Quiz Desarrollo APX 1.docx	java/02 - Quiz Desarrollo APX 1.docx	11	APX	Pregunta 11	¿Cuáles son los campos que definen a una transacción en APX?
02 - Quiz Desarrollo APX 1.docx	java/02 - Quiz Desarrollo APX 1.docx	12	Java	Pregunta 12	¿Cuáles son tres malas prácticas?
02 - Quiz Desarrollo APX 1.docx	java/02 - Quiz Desarrollo APX 1.docx	13	Java	Pregunta 13 · código en imagen	¿Cuál es el resultado del siguiente código?
02 - Quiz Desarrollo APX 1.docx	java/02 - Quiz Desarrollo APX 1.docx	14	Java	Pregunta 14 · código en imagen	¿Cuál es el resultado?
02 - Quiz Desarrollo APX 1.docx	java/02 - Quiz Desarrollo APX 1.docx	15	Herramientas/general	Pregunta 15	El archivo pom.xml es el archivo de configuración para:
02 - Quiz Desarrollo APX 1.docx	java/02 - Quiz Desarrollo APX 1.docx	16	APX	Pregunta 16	¿Cuál definición de APX es incorrecta?
02 - Quiz Desarrollo APX 1.docx	java/02 - Quiz Desarrollo APX 1.docx	17	APX	Pregunta 17	Son dos de los protocolos físicos que APX admite en una solicitud.
02 - Quiz Desarrollo APX 1.docx	java/02 - Quiz Desarrollo APX 1.docx	18	APX	Pregunta 18	¿Cuáles son los protocolos físicos disponibles en APX? Selecciona 2
02 - Quiz Desarrollo APX 1.docx	java/02 - Quiz Desarrollo APX 1.docx	19	Herramientas/general	Pregunta 19	Un ________ proporciona una solución a un problema de diseño. Debe cumplir con diferentes características, como la efectividad al resolver problemas similares en ocasiones anteriores. Por lo tanto, debe ser reutilizable, es decir, aplicable a diferentes problemas en diferentes circunstancias
02 - Quiz Desarrollo APX 1.docx	java/02 - Quiz Desarrollo APX 1.docx	20	APX	Pregunta 20	¿Cuáles son ejemplos de Patrones de diseño para APX?
02 - Quiz Desarrollo APX 1.docx	java/02 - Quiz Desarrollo APX 1.docx	21	APX	Pregunta 21	¿Qué patrones de la siguiente lista son obligatorios del Data Transfer Object (DTO) en APX?
02 - Quiz Desarrollo APX 1.docx	java/02 - Quiz Desarrollo APX 1.docx	22	APX	Pregunta 22	Selecciona dos aplicaciones que justifican el uso del patrón Data Transfer Object (DTO) es obligatorio cuando
02 - Quiz Desarrollo APX 1.docx	java/02 - Quiz Desarrollo APX 1.docx	23	APX	Pregunta 23	Encapsula la lógica empresarial y el acceso a los datos. Publica su interfaz para que pueda ser utilizada por terceros.
02 - Quiz Desarrollo APX 1.docx	java/02 - Quiz Desarrollo APX 1.docx	24	Java	Pregunta 24	Indica a JUnit que la propiedad que usa esta anotación es una simulación y, por lo tanto, se inicializa como tal y es susceptible de ser inyectada por @InjectMocks.
02 - Quiz Desarrollo APX 1.docx	java/02 - Quiz Desarrollo APX 1.docx	25	APX	Pregunta 25	En un Batch cuál es el step donde el desarrollador introducirá la lógica empresarial necesaria
03 - Quiz Desarrollo APX 2.docx	java/03 - Quiz Desarrollo APX 2.docx	1	Herramientas/general	Pregunta 1	En Git, ¿cuál es el comando para crear una rama?
03 - Quiz Desarrollo APX 2.docx	java/03 - Quiz Desarrollo APX 2.docx	2	Herramientas/general	Pregunta 2	En Git, ¿cuál es el comando para crear un commit?
03 - Quiz Desarrollo APX 2.docx	java/03 - Quiz Desarrollo APX 2.docx	3	Herramientas/general	Pregunta 3	En Git, ¿cuál es el comando para cambiar de rama?
03 - Quiz Desarrollo APX 2.docx	java/03 - Quiz Desarrollo APX 2.docx	4	Herramientas/general	Pregunta 4	¿Cuál es el comando para compilar un proyecto Maven?
03 - Quiz Desarrollo APX 2.docx	java/03 - Quiz Desarrollo APX 2.docx	5	Herramientas/general	Pregunta 5	¿Qué comando se utiliza para instalar el paquete en el repositorio local de Maven?
03 - Quiz Desarrollo APX 2.docx	java/03 - Quiz Desarrollo APX 2.docx	6	Herramientas/general	Pregunta 6	¿Cuál es el comando para ejecutar las pruebas en un proyecto Maven?
03 - Quiz Desarrollo APX 2.docx	java/03 - Quiz Desarrollo APX 2.docx	7	Java	Pregunta 7 · código en imagen	Dado el siguiente código. ¿Cuál es el resultado?
03 - Quiz Desarrollo APX 2.docx	java/03 - Quiz Desarrollo APX 2.docx	8	Java	Pregunta 8 · código en imagen	Dado el siguiente código. ¿Cuál es el resultado?
03 - Quiz Desarrollo APX 2.docx	java/03 - Quiz Desarrollo APX 2.docx	9	Java	Pregunta 9 · código en imagen	¿Cuál será la salida del siguiente fragmento de código?
03 - Quiz Desarrollo APX 2.docx	java/03 - Quiz Desarrollo APX 2.docx	10	Java	Pregunta 10 · código en imagen	¿Qué ocurrirá si ejecutas el siguiente código?
03 - Quiz Desarrollo APX 2.docx	java/03 - Quiz Desarrollo APX 2.docx	11	Java	Pregunta 11 · código en imagen	¿Cuál será la salida del siguiente código?
03 - Quiz Desarrollo APX 2.docx	java/03 - Quiz Desarrollo APX 2.docx	12	Java	Pregunta 12 · código en imagen	¿Qué ocurre cuando ejecutas este fragmento de código?
03 - Quiz Desarrollo APX 2.docx	java/03 - Quiz Desarrollo APX 2.docx	13	Java	Pregunta 13 · código en imagen	Dado el siguiente código. ¿Cuál es el resultado?
03 - Quiz Desarrollo APX 2.docx	java/03 - Quiz Desarrollo APX 2.docx	14	Java	Pregunta 14 · código en imagen	Dado el siguiente código, ¿Cuál es el resultado?
03 - Quiz Desarrollo APX 2.docx	java/03 - Quiz Desarrollo APX 2.docx	15	Java	Pregunta 15 · código en imagen	Dado el siguiente código. ¿Cuál es el resultado?
03 - Quiz Desarrollo APX 2.docx	java/03 - Quiz Desarrollo APX 2.docx	16	Java	Pregunta 16 · código en imagen	Dado el siguiente código. ¿Cuál es el resultado?
03 - Quiz Desarrollo APX 2.docx	java/03 - Quiz Desarrollo APX 2.docx	17	Java	Pregunta 17 · código en imagen	Dado el siguiente código. Con que se necesita remplazar línea 1, línea 2 y línea 3 para que la salida sea Shape: Constructor, Square: foo y Shape: foo
03 - Quiz Desarrollo APX 2.docx	java/03 - Quiz Desarrollo APX 2.docx	18	Java	Pregunta 18 · código en imagen	Dado el siguiente código. ¿Cual será el resultado?
03 - Quiz Desarrollo APX 2.docx	java/03 - Quiz Desarrollo APX 2.docx	19	Java	Pregunta 19 · código en imagen	Dado el siguiente código. ¿Cuál es el resultado?
03 - Quiz Desarrollo APX 2.docx	java/03 - Quiz Desarrollo APX 2.docx	20	Java	Pregunta 20 · código en imagen	Dado el siguiente código. ¿Cuál es el resultado?
03 - Quiz Desarrollo APX 2.docx	java/03 - Quiz Desarrollo APX 2.docx	21	APX	Pregunta 21	¿Cuál es el comando para agregar un DTO en una Deployment Unit?
03 - Quiz Desarrollo APX 2.docx	java/03 - Quiz Desarrollo APX 2.docx	22	APX	Pregunta 22	Si un DTO cambia es necesario cambiar el serial versión
03 - Quiz Desarrollo APX 2.docx	java/03 - Quiz Desarrollo APX 2.docx	23	APX	Pregunta 23	¿Cuál es el comando para agregar una libreria en una Deployment Unit?
03 - Quiz Desarrollo APX 2.docx	java/03 - Quiz Desarrollo APX 2.docx	24	APX	Pregunta 24	¿Como se agrega jdbc en una librería apx?
Examen Diagnóstico APX 4.pdf	apx/examenes/Examen Diagnóstico APX 4.pdf	1	Herramientas/general	pág 1 izq	¿Qué acción realiza el archivo de dependencia pom.xml? Revisa que versiones de dependencias se tienen con otros proyectos. Elimina las dependencias con otros proyectos. v Recupera todas las dependencias con otros proyectos. Modifica las dependencias que se tienen con otros proyectos.
Examen Diagnóstico APX 4.pdf	apx/examenes/Examen Diagnóstico APX 4.pdf	2	APX	pág 1 der	¿Qué causas no corresponde al antipatron Contenedor Mágico? • Reparto de responsabilidades incorrecto. • Falta de cumplimiento de la arquitectura. • Intervención demasiado limitada. Desacoplamiento entre librerias.
Examen Diagnóstico APX 4.pdf	apx/examenes/Examen Diagnóstico APX 4.pdf	3	APX	pág 2 izq	Selecciona las tres respuestas que describen las mejores prácticas establecidas para acceder a Datos: En el caso de procesos Batch no deben existir cesiones de ficheros entre UUAAs. Una UUAA puede acceder a datos de terceros a través de librerías APX que el dueño del dato proporcione.
Examen Diagnóstico APX 4.pdf	apx/examenes/Examen Diagnóstico APX 4.pdf	4	APX	pág 2 der	Las partes de un campo variable definidos por la cadena NMM son: N es el orden de la variable literal (1 o 4), MM la longitud máxima del campo informado en la variable (15 es el máximo). N es el orden de la variable literal (1 y 4), MM la longitud máxima del campo informado en la variable (15 es el máximo). N es el orden de la variable literal (1 o 2), MM la longitud máxima del campo informado en la variable (15 es el máximo). N es el orden de la variable literal (1 o 2), MM la longitud máxima del campo informado en la variable (20 es el máximo).
Examen Diagnóstico APX 4.pdf	apx/examenes/Examen Diagnóstico APX 4.pdf	5	APX	pág 3 izq	El objeto _ _ no debe manejarse directamente. No debe crear instancias, abrir o cerrar explicitamente conexiones a la base de datos. O Datasource. O UPA. • JDвС ODaibee
Examen Diagnóstico APX 4.pdf	apx/examenes/Examen Diagnóstico APX 4.pdf	6	APX	pág 3 der	En un Batch cual es el step donde el desarrollador introducirá la lógica empresarial necesaria: O itemWriter. Task. O chunk • JobLauncher.
Examen Diagnóstico APX 4.pdf	apx/examenes/Examen Diagnóstico APX 4.pdf	7	APX	pág 4 izq	El identificador único para la ejecución de transacciones/Job se genera automáticamente como ultimo paso cuando se invoca las transacciones en linea/Batch. El resultado de la transacción se puede propagar para la correlación en las otras capas. • Falso: Verdadero.
Examen Diagnóstico APX 4.pdf	apx/examenes/Examen Diagnóstico APX 4.pdf	8	Herramientas/general	pág 4 der	Unl proporciona una solución a un problema de diseño. Debe cumplir con diferentes características, omo la efectividad al resolver problemas similares en ocasiones anteriores. Por lo tanto, debe ser reutilizable, es decir, aplicable a diferentes problemas en diferentes circunstancias. Reutilización de código. Patrón de diseno. Metodología. Antipatron.
Examen Diagnóstico APX 4.pdf	apx/examenes/Examen Diagnóstico APX 4.pdf	9	Java	pág 5 izq	Given: import java.utiliẠi public class App ( public static void main(String[] args) ( List p = new ArrayList(): p.add(7); p.add(1); p.add(5); p.add(1); p.remove(1); System.out.printin(p): What is the result? O1.5I O17.1 O 17.1.5. 11 (7. 5, 1]
Examen Diagnóstico APX 4.pdf	apx/examenes/Examen Diagnóstico APX 4.pdf	10	APX	pág 5 der	Para enviar un aviso desde una biblioteca o desde la transacción, cualquiera que sea el tipo, el método utilizado es • addAdvice OaddEnor. OaddWaming
Examen Diagnóstico APX 4.pdf	apx/examenes/Examen Diagnóstico APX 4.pdf	11	APX	pág 6 izq	Cualquier documento utilizado (.dll, .txt, etc.) se almacenará en el sistema de archivos compartido del nodo Batch (generalmente .) y luego se eliminará periódicamente: /temporalFiles/datent. /fichtemporal/datent. /fichtemcomp/datent. /datentJobs/datent.
Examen Diagnóstico APX 4.pdf	apx/examenes/Examen Diagnóstico APX 4.pdf	12	Java	pág 6 der	Givens 1. public class Blip ( protected int blipvert(int x) ( retur 0; ) class Vert extends Blip ( // insert code here 5. 6. } Which five methods, inserted independently at line 5, will compile? (Choose five.) Protected int blipvert(long x) { return 0; ). Protected long blipvert(long x) { return 0; ). Private int blipvert(int x) { retum 0; ). Public int blipvert(int x) {retum 0:.). Protected long blipvert(int x, int y) ( return 0;). Protected long blipvert(int x) { return 0; }. Private int blipvert(long x) { retur 0; ).
Examen Diagnóstico APX 4.pdf	apx/examenes/Examen Diagnóstico APX 4.pdf	13	APX	pág 7 izq	Los componentes de seguridad lógica que dan servicio a la arquitectura no están acoplados a la Arquitectura APX. Verdadero. Falso
Examen Diagnóstico APX 4.pdf	apx/examenes/Examen Diagnóstico APX 4.pdf	14	APX	pág 7 der	La información utilizada en la lógica de negocio de la transacción debe incluirse en. O Los archivos locales. • Los parámetros de entrada. O Las variables locales. • Las variables globales.
Examen Diagnóstico APX 4.pdf	apx/examenes/Examen Diagnóstico APX 4.pdf	15	APX	pág 8	¿Cuáles son las acciones posteriores a la ejecución de la lógica de negocio en la capa de Arquitectura de control? Validation of Exit Code, Commit Control, Electronic Journal, Business Event Notification, Monitorization. Validation of Exit Code, Commit Control, ROP Writing, Business Event Notification, Monitorization. Validation of Exit Code, Commit Control, ROP Writing, Operations Registry, Monitorization. ) Validation of Exit Code, Commit Control, ROP Writing, Business Event Notification, Unique identifier.
Examen Diagnóstico APX 4.pdf	apx/examenes/Examen Diagnóstico APX 4.pdf	16	Java	pág 9	1. class Super protected superunt a thstaacp class Sub extends Super ( 12 public Sub(int a) (super(a):) H KNESO/BH Which two, independently, will allow sub to compile/ (Cnoose two.) Change line 2 to: public int a: Change line 13 to; public Sub) ( super(5); )[ Change line 2 to: protected int a; Change line 13 to: public Sub() ( this(5); ) Change line 13 to: public Sub() (super(a):)
Examen Diagnóstico APX 4.pdf	apx/examenes/Examen Diagnóstico APX 4.pdf	17	APX	pág 10 izq	Selecciona las únicas excepciones que pueden ser capturadas y administradas por las aplicaciones, típicas de АРХ: com.bbva.apx.exception.business.NullPointerException. com.bbva.apx.exception.business.IOException. com.bbva.apx.exception.io.network.TimeoutException. com.bbva.apx.exception.business.BusinessException.
Examen Diagnóstico APX 4.pdf	apx/examenes/Examen Diagnóstico APX 4.pdf	18	Java	pág 10 der	Given public static void main(String[] args) { int [l] array2D = {{0, 1,2), {3,4, 5, 6l . System.out.print(array2D[0].length + *** ); System.out.print(array2D[1].getClass().isArray() +***); System.out.printIn(array2D[0][1]); What is the result? O ЗКaвeЗ Ostaset Oztasot • 3true1 O2103
Examen Diagnóstico APX 4.pdf	apx/examenes/Examen Diagnóstico APX 4.pdf	19	Java	pág 11 izq	Which two statements are true? An interface CANNOT be extended by another interface. An abstract class can be extended by a concrete class. An abstract class CANNOT be extended by an abstract class. An interface can be extended by an abstract class. An abstract class can implement an interface. An abstract class can be extended by an interface.
Examen Diagnóstico APX 4.pdf	apx/examenes/Examen Diagnóstico APX 4.pdf	20	Java	pág 11 der	Given: class Alpha ( String getType() { return "alpha"; } ) class Beta extends Alpha { String getType() { return "beta"; }) public class Gamma extends Beta ( String getType() { return "gamma"; ) public static void main(String[] args) { Gamma g1 = new Alpha(): Gamma g2 = new Beta(); System.out.println(g1.getType() + "" + g2.getType()); What is the result? • Gamma gamma. O Beta bela. O Alpha beta. • Compilation fails.
Examen Diagnóstico APX 4.pdf	apx/examenes/Examen Diagnóstico APX 4.pdf	21	Java	pág 12	Which three are bad practices? Checking for an IOException and ensuring that the program can recover if one occurs. Checking for ArraylndexOutOfBoundsException and ensuring that the program can recover if one occurs. Checking for FileNotFoundException to inform a user that a filename entered is not valid. Checking for Error and, if necessary, restarting the program to ensure that users are unaware problems. Checking for ArraylndexOutOfBoundsException when iterating through an array to determine when all elements .- have been visited.
